input_table	_c1	tablename	dev_owner	owner_src
amap_unifycompile_process.nds_routing_link_attr	201598,247234172,autonavi_navi.dwd_gd_trvl_circle_bad_action_ind,autonavi_navi.dwd_gd_trvl_circle_detail_basic_info;201598,247234172,autonavi_navi.dwd_gd_trvl_circle_parallel_cross_ind,autonavi_navi.dwd_gd_trvl_circle_detail_basic_info	amap_unifycompile_process.nds_routing_link_attr	090828	090828
autonavi_incubation.source_truck_trace_classification	194251,225956898,gismonitor.yaw_user_match_dd,	autonavi_incubation.source_truck_trace_classification	300150	300150
autonavi_incubation.trace_all_navi	300150,185237160,gismonitor.yaw_user_match_dd,autonavi_incubation.source_truck_trace_classification	autonavi_incubation.trace_all_navi	300150	300150
autonavi_incubation.trace_classification_v2	300150,185237160,gismonitor.yaw_user_match_dd,autonavi_incubation.source_truck_trace_classification	autonavi_incubation.trace_classification_v2	300150	300150
autonavi_navi.cml_offline_personal_od_cnt_target_drv_di	143537,201892771,autonavi_navi.dwd_gd_trvl_car_penalty_combine_reroute_circle_drv_di,gd_ads.ads_gd_navi_feature_1d;143537,233474156,gd_cdm.dwd_gd_trvl_opposite_strategy_di,;143537,201892771,gd_cdm.dwd_gd_trvl_route_detour_di,gd_ads.ads_gd_navi_feature_1d	autonavi_navi.cml_offline_personal_od_cnt_target_drv_di	201598	201598
autonavi_navi.cml_offline_personal_od_freqinfo_6months_idmapping	201598,199440578,gd_cdm.dwd_gd_trvl_opposite_strategy_di,autonavi_navi.cml_offline_personal_od_cnt_target_drv_di	autonavi_navi.cml_offline_personal_od_freqinfo_6months_idmapping	306819	306819
autonavi_navi.dwd_gd_trvl_car_dynamic_high_penalty_batch_list_drv_di	165637,203891548,gd_cdm.dwd_gd_trvl_route_detour_di,autonavi_navi.dwd_gd_trvl_car_dynamic_high_penalty_drv_di;143537,204001054,gd_cdm.dwd_gd_trvl_circle_detail_di,autonavi_navi.dwd_gd_trvl_car_navi_route_path_penalty_drv_di;143537,204001054,gd_cdm.dwd_gd_trvl_circle_detail_di,autonavi_navi.dwd_gd_trvl_car_navi_route_path_penalty_drv_di	autonavi_navi.dwd_gd_trvl_car_dynamic_high_penalty_batch_list_drv_di	165637	165637
autonavi_navi.dwd_gd_trvl_car_dynamic_high_penalty_drv_di	369466,247742297,gd_cdm.dwd_gd_trvl_route_detour_di,;143537,203992510,gd_cdm.dwd_gd_trvl_circle_detail_di,autonavi_navi.dwd_gd_trvl_car_navi_trail_penalty_drv_di;143537,204001054,gd_cdm.dwd_gd_trvl_circle_detail_di,autonavi_navi.dwd_gd_trvl_car_navi_route_path_penalty_drv_di;143537,204001054,gd_cdm.dwd_gd_trvl_circle_detail_di,autonavi_navi.dwd_gd_trvl_car_navi_route_path_penalty_drv_di;143537,203992510,gd_cdm.dwd_gd_trvl_circle_detail_di,autonavi_navi.dwd_gd_trvl_car_navi_trail_penalty_drv_di;143537,231508056,gd_cdm.dwd_gd_trvl_nopenalty_path_circle_di,autonavi_navi.dwd_gd_trvl_nopenalty_route_drv_di	autonavi_navi.dwd_gd_trvl_car_dynamic_high_penalty_drv_di	165637	165637
autonavi_navi.dwd_gd_trvl_car_navi_route_path_penalty_drv_di	106847,245529452,gd_cdm.dwd_gd_trvl_cont_yaw_di,gd_cdm.dwd_gd_trvl_circle_detail_di;143537,264024680,autonavi_navi.dwd_gd_trvl_car_penalty_combine_reroute_circle_drv_di,autonavi_navi.tmp_dwd_gd_trvl_car_penalty_combine_reroute_circle_drv_di;185394,263131727,gd_cdm.dwd_gd_trvl_circle_detail_di,;106847,245529452,autonavi_navi.dwd_gd_trvl_yaw_circle_route_valid_connect_drv_di_mid,gd_cdm.dwd_gd_trvl_circle_detail_di;185394,263131727,gd_cdm.dwd_gd_trvl_cont_yaw_di,gd_cdm.dwd_gd_trvl_circle_detail_di;185394,263131727,autonavi_navi.dwd_gd_trvl_yaw_circle_route_valid_connect_drv_di_mid,gd_cdm.dwd_gd_trvl_circle_detail_di;106847,245529452,gd_cdm.dwd_gd_trvl_circle_detail_di,;106847,245529452,gd_cdm.dwd_gd_trvl_route_detour_di,gd_cdm.dwd_gd_trvl_circle_detail_di;106847,245529452,autonavi_navi.dwd_gd_trvl_circle_detail_naviaction,gd_cdm.dwd_gd_trvl_circle_detail_di;185394,263131727,autonavi_navi.dwd_gd_trvl_circle_detail_naviaction,gd_cdm.dwd_gd_trvl_circle_detail_di;185394,263131727,gd_cdm.dwd_gd_trvl_route_detour_di,gd_cdm.dwd_gd_trvl_circle_detail_di;185394,263131727,gd_ads.ads_gd_trvl_change_toll_drv_1d,gd_cdm.dwd_gd_trvl_circle_detail_di;106847,245529452,gd_ads.ads_gd_trvl_change_toll_drv_1d,gd_cdm.dwd_gd_trvl_circle_detail_di	autonavi_navi.dwd_gd_trvl_car_navi_route_path_penalty_drv_di	143537	143537
autonavi_navi.dwd_gd_trvl_car_navi_trail_penalty_drv_di	106847,245529452,gd_cdm.dwd_gd_trvl_route_detour_di,gd_cdm.dwd_gd_trvl_circle_detail_di;185394,263131727,gd_ads.ads_gd_trvl_change_toll_drv_1d,gd_cdm.dwd_gd_trvl_circle_detail_di;143537,264024680,autonavi_navi.dwd_gd_trvl_car_penalty_combine_reroute_circle_drv_di,autonavi_navi.tmp_dwd_gd_trvl_car_penalty_combine_reroute_circle_drv_di;106847,245529452,autonavi_navi.dwd_gd_trvl_circle_detail_naviaction,gd_cdm.dwd_gd_trvl_circle_detail_di;185394,263131727,autonavi_navi.dwd_gd_trvl_yaw_circle_route_valid_connect_drv_di_mid,gd_cdm.dwd_gd_trvl_circle_detail_di;106847,245529452,gd_cdm.dwd_gd_trvl_cont_yaw_di,gd_cdm.dwd_gd_trvl_circle_detail_di;106847,245529452,autonavi_navi.dwd_gd_trvl_yaw_circle_route_valid_connect_drv_di_mid,gd_cdm.dwd_gd_trvl_circle_detail_di;185394,263131727,gd_cdm.dwd_gd_trvl_cont_yaw_di,gd_cdm.dwd_gd_trvl_circle_detail_di;185394,263131727,autonavi_navi.dwd_gd_trvl_circle_detail_naviaction,gd_cdm.dwd_gd_trvl_circle_detail_di;106847,245529452,gd_ads.ads_gd_trvl_change_toll_drv_1d,gd_cdm.dwd_gd_trvl_circle_detail_di;185394,263131727,gd_cdm.dwd_gd_trvl_circle_detail_di,;185394,263131727,gd_cdm.dwd_gd_trvl_route_detour_di,gd_cdm.dwd_gd_trvl_circle_detail_di;106847,245529452,gd_cdm.dwd_gd_trvl_circle_detail_di,	autonavi_navi.dwd_gd_trvl_car_navi_trail_penalty_drv_di	143537	143537
autonavi_navi.dwd_gd_trvl_car_nds_high_penalty_drv_di	143537,203992510,gd_cdm.dwd_gd_trvl_circle_detail_di,autonavi_navi.dwd_gd_trvl_car_navi_trail_penalty_drv_di;143537,204001054,gd_cdm.dwd_gd_trvl_circle_detail_di,autonavi_navi.dwd_gd_trvl_car_navi_route_path_penalty_drv_di;143537,203992510,gd_cdm.dwd_gd_trvl_circle_detail_di,autonavi_navi.dwd_gd_trvl_car_navi_trail_penalty_drv_di;369466,247742297,gd_cdm.dwd_gd_trvl_route_detour_di,;143537,204001054,gd_cdm.dwd_gd_trvl_circle_detail_di,autonavi_navi.dwd_gd_trvl_car_navi_route_path_penalty_drv_di	autonavi_navi.dwd_gd_trvl_car_nds_high_penalty_drv_di	165637	165637
autonavi_navi.dwd_gd_trvl_car_penalty_combine_reroute_circle_drv_di	369466,234128968,autonavi_navi.dwd_gd_trvl_yaw_circle_route_valid_connect_drv_di_mid,	autonavi_navi.dwd_gd_trvl_car_penalty_combine_reroute_circle_drv_di	143537	143537
autonavi_navi.dwd_gd_trvl_circle_detail_basic_info	201598,250228297,autonavi_navi.dwd_gd_trvl_circle_bad_action_ind,;201598,253492710,autonavi_navi.dwd_gd_trvl_circle_parallel_cross_ind,	autonavi_navi.dwd_gd_trvl_circle_detail_basic_info	201598	201598
autonavi_navi.dwd_gd_trvl_nopenalty_route_drv_di	143537,230571548,gd_cdm.dwd_gd_trvl_nopenalty_path_circle_di,	autonavi_navi.dwd_gd_trvl_nopenalty_route_drv_di	143537	143537
autonavi_navi.dwd_gd_trvl_valid_navi_drv_di	143537,204001054,gd_cdm.dwd_gd_trvl_circle_detail_di,autonavi_navi.dwd_gd_trvl_car_navi_route_path_penalty_drv_di;143537,204001054,gd_cdm.dwd_gd_trvl_circle_detail_di,autonavi_navi.dwd_gd_trvl_car_navi_route_path_penalty_drv_di	autonavi_navi.dwd_gd_trvl_valid_navi_drv_di	149623	149623
autonavi_navi.dwd_gd_trvl_yaw_circle_route_valid_connect_drv_di	369466,234128968,autonavi_navi.dwd_gd_trvl_yaw_circle_route_valid_connect_drv_di_mid,;143537,264024680,autonavi_navi.dwd_gd_trvl_car_penalty_combine_reroute_circle_drv_di,autonavi_navi.tmp_dwd_gd_trvl_car_penalty_combine_reroute_circle_drv_di	autonavi_navi.dwd_gd_trvl_yaw_circle_route_valid_connect_drv_di	143537	143537
autonavi_navi.dwd_gd_trvl_yaw_circle_route_valid_drv_di	143537,203544688,autonavi_navi.dwd_gd_trvl_yaw_circle_route_valid_connect_drv_di_mid,autonavi_navi.dwd_gd_trvl_yaw_circle_route_valid_connect_drv_di	autonavi_navi.dwd_gd_trvl_yaw_circle_route_valid_drv_di	143537	143537
autonavi_navi.fee_adcode_name_rate_tbl	350347,268703761,gd_ads.ads_gd_trvl_change_toll_drv_1d,gd_cdm.dws_gd_change_path_add_toll_di;143537,218660434,gd_cdm.dwd_gd_trvl_highway_di,gd_cdm.dwd_gd_trvl_navi_trail_di;143537,218660434,gd_ads.dws_gd_trvl_change_path_di,gd_cdm.dwd_gd_trvl_navi_trail_di	autonavi_navi.fee_adcode_name_rate_tbl	258004	258004
autonavi_navi.fee_p2p_pass_station_tbl	143537,218660434,gd_cdm.dwd_gd_trvl_highway_di,gd_cdm.dwd_gd_trvl_navi_trail_di;350347,268703761,gd_ads.ads_gd_trvl_change_toll_drv_1d,gd_cdm.dws_gd_change_path_add_toll_di;143537,218660434,gd_ads.dws_gd_trvl_change_path_di,gd_cdm.dwd_gd_trvl_navi_trail_di	autonavi_navi.fee_p2p_pass_station_tbl	258004	258004
autonavi_navi.recommend_jk_log_di	350347,242142609,gd_ads.dws_gd_trvl_change_path_di,gd_cdm.dwd_gd_trvl_path_detail_di;350347,242142609,gd_cdm.dwd_gd_trvl_opposite_strategy_di,gd_cdm.dwd_gd_trvl_path_detail_di;350347,242142609,gd_cdm.dwd_gd_trvl_highway_di,gd_cdm.dwd_gd_trvl_path_detail_di	autonavi_navi.recommend_jk_log_di	201598	201598
autonavi_navi.tmp_dwd_gd_trvl_car_penalty_combine_reroute_circle_drv_di	143537,204207260,autonavi_navi.dwd_gd_trvl_yaw_circle_route_valid_connect_drv_di_mid,autonavi_navi.dwd_gd_trvl_car_penalty_combine_reroute_circle_drv_di;143537,204207260,autonavi_navi.dwd_gd_trvl_car_penalty_combine_reroute_circle_drv_di,	autonavi_navi.tmp_dwd_gd_trvl_car_penalty_combine_reroute_circle_drv_di	143537	143537
autonavi_tinfo.ads_gd_raw_trace_classify_3406_flag0_merge_result_1d	223879,134915244,gd_cdm.dwd_gd_trvl_highway_di,autonavi_tinfo.yaw_links_base_gmatch;223879,134915244,gismonitor.yaw_user_match_dd,autonavi_tinfo.yaw_links_base_gmatch;203175,158601318,autonavi_navi.dwd_gd_trvl_car_penalty_combine_reroute_circle_drv_di,autonavi_tinfo.dwd_gd_map_trace_link_bhv_exyaw_di	autonavi_tinfo.ads_gd_raw_trace_classify_3406_flag0_merge_result_1d	268849	268849
autonavi_tinfo.autolr_dipper_lowpass_model_v9	203175,198937848,gismonitor.yaw_user_match_dd,autonavi_tinfo.highway_link_scene	autonavi_tinfo.autolr_dipper_lowpass_model_v9	203175	203175
autonavi_tinfo.basic_link_info2	029023,202476989,gismonitor.yaw_user_match_dd,autonavi_tinfo.global_end_link;194251,225956898,gismonitor.yaw_user_match_dd,;029023,201084123,autonavi_navi.dwd_gd_trvl_car_penalty_combine_reroute_circle_drv_di,autonavi_tinfo.dalgo_parallel_links	autonavi_tinfo.basic_link_info2	029023	029023
autonavi_tinfo.circle_choice_sample	223879,254508146,gd_cdm.dwd_gd_trvl_highway_di,autonavi_tinfo.yaw_links_base_gmatch;106847,249584144,gd_cdm.dwd_gd_trvl_circle_detail_di,gd_cdm.tmp_dwd_gd_trvl_circle_detail_di;185394,263858151,gd_cdm.dwd_gd_trvl_circle_detail_di,gd_cdm.tmp_dwd_gd_trvl_circle_detail_di;344882,226739886,autonavi_navi.dwd_gd_trvl_car_penalty_combine_reroute_circle_drv_di,autonavi_tinfo.yaw_circle_active_stay_tag_buffer_day;185394,263858151,gd_cdm.dwd_gd_trvl_circle_detail_di,gd_cdm.tmp_dwd_gd_trvl_circle_detail_di;223879,254508146,gismonitor.yaw_user_match_dd,autonavi_tinfo.yaw_links_base_gmatch;194251,225956898,gismonitor.yaw_user_match_dd,;106847,249584144,gd_cdm.dwd_gd_trvl_circle_detail_di,gd_cdm.tmp_dwd_gd_trvl_circle_detail_di	autonavi_tinfo.circle_choice_sample	223879	223879
autonavi_tinfo.circle_path_alley_candidates_incre	223879,230521075,gd_cdm.dwd_gd_trvl_alley_5link_di,autonavi_tinfo.circle_path_alley_candidates_pass_num_daily	autonavi_tinfo.circle_path_alley_candidates_incre	223879	223879
autonavi_tinfo.circle_path_alley_candidates_pass	223879,230521075,gd_cdm.dwd_gd_trvl_alley_5link_di,autonavi_tinfo.circle_path_alley_candidates_pass_num_daily	autonavi_tinfo.circle_path_alley_candidates_pass	223879	223879
autonavi_tinfo.circle_path_alley_candidates_pass_num_daily	143537,217550814,gd_cdm.dwd_gd_trvl_alley_5link_di,	autonavi_tinfo.circle_path_alley_candidates_pass_num_daily	223879	223879
autonavi_tinfo.daily_mining_f2_links	197516,157726951,gd_cdm.dwd_gd_trvl_circle_detail_di,autonavi_tinfo.daily_mining_link_pair_features_static_di;197516,157726951,gd_cdm.dwd_gd_trvl_alley_5link_di,autonavi_tinfo.daily_mining_link_pair_features_static_di;197516,157726951,gd_cdm.dwd_gd_trvl_circle_detail_di,autonavi_tinfo.daily_mining_link_pair_features_static_di;197516,157726951,gismonitor.yaw_user_match_dd,autonavi_tinfo.daily_mining_link_pair_features_static_di	autonavi_tinfo.daily_mining_f2_links	197516	197516
autonavi_tinfo.daily_mining_link_motif	197516,157726951,gd_cdm.dwd_gd_trvl_circle_detail_di,autonavi_tinfo.daily_mining_link_pair_features_static_di;197516,157726951,gd_cdm.dwd_gd_trvl_circle_detail_di,autonavi_tinfo.daily_mining_link_pair_features_static_di;197516,157726951,gismonitor.yaw_user_match_dd,autonavi_tinfo.daily_mining_link_pair_features_static_di;197516,157726951,gd_cdm.dwd_gd_trvl_alley_5link_di,autonavi_tinfo.daily_mining_link_pair_features_static_di	autonavi_tinfo.daily_mining_link_motif	197516	197516
autonavi_tinfo.daily_mining_link_pair_features_static_di	106847,245529452,gd_cdm.dwd_gd_trvl_circle_detail_di,;185394,263131727,autonavi_navi.dwd_gd_trvl_yaw_circle_route_valid_connect_drv_di_mid,gd_cdm.dwd_gd_trvl_circle_detail_di;185394,263131727,gd_cdm.dwd_gd_trvl_cont_yaw_di,gd_cdm.dwd_gd_trvl_circle_detail_di;194251,225956898,gismonitor.yaw_user_match_dd,;106847,245529452,gd_ads.ads_gd_trvl_change_toll_drv_1d,gd_cdm.dwd_gd_trvl_circle_detail_di;106847,245529452,autonavi_navi.dwd_gd_trvl_circle_detail_naviaction,gd_cdm.dwd_gd_trvl_circle_detail_di;185394,263131727,autonavi_navi.dwd_gd_trvl_circle_detail_naviaction,gd_cdm.dwd_gd_trvl_circle_detail_di;185394,263131727,gd_cdm.dwd_gd_trvl_circle_detail_di,;185394,263131727,gd_ads.ads_gd_trvl_change_toll_drv_1d,gd_cdm.dwd_gd_trvl_circle_detail_di;185394,263131727,gd_cdm.dwd_gd_trvl_route_detour_di,gd_cdm.dwd_gd_trvl_circle_detail_di;106847,245529452,gd_cdm.dwd_gd_trvl_cont_yaw_di,gd_cdm.dwd_gd_trvl_circle_detail_di;106847,245529452,gd_cdm.dwd_gd_trvl_route_detour_di,gd_cdm.dwd_gd_trvl_circle_detail_di;143537,217550814,gd_cdm.dwd_gd_trvl_alley_5link_di,;106847,245529452,autonavi_navi.dwd_gd_trvl_yaw_circle_route_valid_connect_drv_di_mid,gd_cdm.dwd_gd_trvl_circle_detail_di	autonavi_tinfo.daily_mining_link_pair_features_static_di	197516	197516
autonavi_tinfo.dalgo_parallel_links	143537,204207260,autonavi_navi.dwd_gd_trvl_car_penalty_combine_reroute_circle_drv_di,;143537,204207260,autonavi_navi.dwd_gd_trvl_yaw_circle_route_valid_connect_drv_di_mid,autonavi_navi.dwd_gd_trvl_car_penalty_combine_reroute_circle_drv_di	autonavi_tinfo.dalgo_parallel_links	029023	029023
autonavi_tinfo.dop_output	029023,202476989,gismonitor.yaw_user_match_dd,autonavi_tinfo.global_end_link	autonavi_tinfo.dop_output	029023	029023
autonavi_tinfo.dwd_gd_map_trace_link_bhv_exyaw_di	143537,204207260,autonavi_navi.dwd_gd_trvl_yaw_circle_route_valid_connect_drv_di_mid,autonavi_navi.dwd_gd_trvl_car_penalty_combine_reroute_circle_drv_di;143537,204207260,autonavi_navi.dwd_gd_trvl_car_penalty_combine_reroute_circle_drv_di,	autonavi_tinfo.dwd_gd_map_trace_link_bhv_exyaw_di	203175	203175
autonavi_tinfo.dwd_gd_trvl_route_path_drv_di	223879,134262442,gismonitor.yaw_user_match_dd,autonavi_tinfo.circle_choice_sample	autonavi_tinfo.dwd_gd_trvl_route_path_drv_di	223879	223879
autonavi_tinfo.fwq_close_main	203175,198937848,gismonitor.yaw_user_match_dd,autonavi_tinfo.highway_link_scene	autonavi_tinfo.fwq_close_main	203175	203175
autonavi_tinfo.global_end_link	194251,225956898,gismonitor.yaw_user_match_dd,	autonavi_tinfo.global_end_link	029023	029023
autonavi_tinfo.global_topo_end_link	143537,203992510,gd_cdm.dwd_gd_trvl_circle_detail_di,autonavi_navi.dwd_gd_trvl_car_navi_trail_penalty_drv_di;143537,204001054,gd_cdm.dwd_gd_trvl_circle_detail_di,autonavi_navi.dwd_gd_trvl_car_navi_route_path_penalty_drv_di;143537,231508056,gd_cdm.dwd_gd_trvl_nopenalty_path_circle_di,autonavi_navi.dwd_gd_trvl_nopenalty_route_drv_di;143537,204001054,gd_cdm.dwd_gd_trvl_circle_detail_di,autonavi_navi.dwd_gd_trvl_car_navi_route_path_penalty_drv_di;143537,203992510,gd_cdm.dwd_gd_trvl_circle_detail_di,autonavi_navi.dwd_gd_trvl_car_navi_trail_penalty_drv_di	autonavi_tinfo.global_topo_end_link	029023	029023
autonavi_tinfo.gmatch_gd_trvl_arr_road_di	143537,217551841,autonavi_navi.dwd_gd_trvl_yaw_circle_route_valid_connect_drv_di_mid,gd_cdm.dwd_gd_trvl_linkpair_trail_di;223879,152285356,gismonitor.yaw_user_match_dd,autonavi_tinfo.yaw_links_base_gmatch;223879,254508146,gismonitor.yaw_user_match_dd,autonavi_tinfo.yaw_links_base_gmatch;223879,134915244,gismonitor.yaw_user_match_dd,autonavi_tinfo.yaw_links_base_gmatch;203175,158601318,autonavi_navi.dwd_gd_trvl_car_penalty_combine_reroute_circle_drv_di,autonavi_tinfo.dwd_gd_map_trace_link_bhv_exyaw_di;223879,152285356,gd_cdm.dwd_gd_trvl_highway_di,autonavi_tinfo.yaw_links_base_gmatch;223879,254508146,gd_cdm.dwd_gd_trvl_highway_di,autonavi_tinfo.yaw_links_base_gmatch;143537,217551841,autonavi_navi.dwd_gd_trvl_car_penalty_combine_reroute_circle_drv_di,gd_cdm.dwd_gd_trvl_linkpair_trail_di;143537,217551841,gd_cdm.dwd_gd_trvl_highway_di,gd_cdm.dwd_gd_trvl_linkpair_trail_di;143537,204207260,autonavi_navi.dwd_gd_trvl_yaw_circle_route_valid_connect_drv_di_mid,autonavi_navi.dwd_gd_trvl_car_penalty_combine_reroute_circle_drv_di;223879,134915244,gd_cdm.dwd_gd_trvl_highway_di,autonavi_tinfo.yaw_links_base_gmatch;143537,217551841,gd_ads.dws_gd_trvl_change_path_di,gd_cdm.dwd_gd_trvl_linkpair_trail_di;223879,134262442,gismonitor.yaw_user_match_dd,autonavi_tinfo.circle_choice_sample;143537,204207260,autonavi_navi.dwd_gd_trvl_car_penalty_combine_reroute_circle_drv_di,	autonavi_tinfo.gmatch_gd_trvl_arr_road_di	197257	197257
autonavi_tinfo.gps_trace_match_result	197257,180066282,autonavi_navi.dwd_gd_trvl_car_penalty_combine_reroute_circle_drv_di,autonavi_tinfo.gmatch_gd_trvl_arr_road_di	autonavi_tinfo.gps_trace_match_result	197257	197257
autonavi_tinfo.highway_link_scene	194251,225956898,gismonitor.yaw_user_match_dd,;194251,237513542,gismonitor.yaw_user_match_dd,gismonitor.highway_rhombus_road	autonavi_tinfo.highway_link_scene	203175	203175
autonavi_tinfo.hour_event_features	194251,225956898,gismonitor.yaw_user_match_dd,	autonavi_tinfo.hour_event_features	029023	029023
autonavi_tinfo.link_normal_travel_count	203175,158601318,autonavi_navi.dwd_gd_trvl_car_penalty_combine_reroute_circle_drv_di,autonavi_tinfo.dwd_gd_map_trace_link_bhv_exyaw_di	autonavi_tinfo.link_normal_travel_count	029023	029023
autonavi_tinfo.links_around_links	029023,201084123,autonavi_navi.dwd_gd_trvl_car_penalty_combine_reroute_circle_drv_di,autonavi_tinfo.dalgo_parallel_links	autonavi_tinfo.links_around_links	223879	223879
autonavi_tinfo.links_in_aoi	029023,202476989,gismonitor.yaw_user_match_dd,autonavi_tinfo.global_end_link	autonavi_tinfo.links_in_aoi	223879	223879
autonavi_tinfo.minute_event_features	029023,197366987,gismonitor.yaw_user_match_dd,autonavi_tinfo.hour_event_features	autonavi_tinfo.minute_event_features	029023	029023
autonavi_tinfo.parallel_graph_pair_list_parse	029023,201084123,autonavi_navi.dwd_gd_trvl_car_penalty_combine_reroute_circle_drv_di,autonavi_tinfo.dalgo_parallel_links	autonavi_tinfo.parallel_graph_pair_list_parse	223879	223879
autonavi_tinfo.primary_route_link_output	029023,202476989,gismonitor.yaw_user_match_dd,autonavi_tinfo.global_end_link	autonavi_tinfo.primary_route_link_output	029023	029023
autonavi_tinfo.railway_trace_set	143537,201892771,autonavi_navi.dwd_gd_trvl_car_penalty_combine_reroute_circle_drv_di,gd_ads.ads_gd_navi_feature_1d;143537,201892771,gd_cdm.dwd_gd_trvl_route_detour_di,gd_ads.ads_gd_navi_feature_1d	autonavi_tinfo.railway_trace_set	360100	360100
autonavi_tinfo.trace_classify_2class_pred_results	223879,134915244,gismonitor.yaw_user_match_dd,autonavi_tinfo.yaw_links_base_gmatch;223879,134915244,gd_cdm.dwd_gd_trvl_highway_di,autonavi_tinfo.yaw_links_base_gmatch	autonavi_tinfo.trace_classify_2class_pred_results	268849	268849
autonavi_tinfo.trace_classify_nmv_high_prob_by_activity	143537,201892771,gd_cdm.dwd_gd_trvl_route_detour_di,gd_ads.ads_gd_navi_feature_1d;143537,201892771,autonavi_navi.dwd_gd_trvl_car_penalty_combine_reroute_circle_drv_di,gd_ads.ads_gd_navi_feature_1d	autonavi_tinfo.trace_classify_nmv_high_prob_by_activity	268849	268849
autonavi_tinfo.user_stay_feature_v2	344882,226739886,autonavi_navi.dwd_gd_trvl_car_penalty_combine_reroute_circle_drv_di,autonavi_tinfo.yaw_circle_active_stay_tag_buffer_day	autonavi_tinfo.user_stay_feature_v2	223879	223879
autonavi_tinfo.user_yaw_circle_stay_reason_tag_day	344882,226739886,autonavi_navi.dwd_gd_trvl_car_penalty_combine_reroute_circle_drv_di,autonavi_tinfo.yaw_circle_active_stay_tag_buffer_day	autonavi_tinfo.user_yaw_circle_stay_reason_tag_day	344882	344882
autonavi_tinfo.yaw_circle_active_stay_tag_buffer_day	143537,264024680,autonavi_navi.dwd_gd_trvl_car_penalty_combine_reroute_circle_drv_di,autonavi_navi.tmp_dwd_gd_trvl_car_penalty_combine_reroute_circle_drv_di;143537,204207260,autonavi_navi.dwd_gd_trvl_yaw_circle_route_valid_connect_drv_di_mid,autonavi_navi.dwd_gd_trvl_car_penalty_combine_reroute_circle_drv_di;143537,204207260,autonavi_navi.dwd_gd_trvl_car_penalty_combine_reroute_circle_drv_di,	autonavi_tinfo.yaw_circle_active_stay_tag_buffer_day	344882	344882
autonavi_tinfo.yaw_links_base_gmatch	223879,134262442,gismonitor.yaw_user_match_dd,autonavi_tinfo.circle_choice_sample;344882,226739886,autonavi_navi.dwd_gd_trvl_car_penalty_combine_reroute_circle_drv_di,autonavi_tinfo.yaw_circle_active_stay_tag_buffer_day;185394,226426913,gd_cdm.dwd_gd_trvl_highway_di,;106847,249584144,gd_cdm.dwd_gd_trvl_circle_detail_di,gd_cdm.tmp_dwd_gd_trvl_circle_detail_di;185394,263858151,gd_cdm.dwd_gd_trvl_circle_detail_di,gd_cdm.tmp_dwd_gd_trvl_circle_detail_di;194251,225956898,gismonitor.yaw_user_match_dd,;185394,263858151,gd_cdm.dwd_gd_trvl_circle_detail_di,gd_cdm.tmp_dwd_gd_trvl_circle_detail_di;106847,249584144,gd_cdm.dwd_gd_trvl_circle_detail_di,gd_cdm.tmp_dwd_gd_trvl_circle_detail_di	autonavi_tinfo.yaw_links_base_gmatch	223879	223879
autonavi_tinfo.yaw_links_base_gmatch_no_filter	223879,134915244,gd_cdm.dwd_gd_trvl_highway_di,autonavi_tinfo.yaw_links_base_gmatch;223879,134915244,gismonitor.yaw_user_match_dd,autonavi_tinfo.yaw_links_base_gmatch	autonavi_tinfo.yaw_links_base_gmatch_no_filter	223879	223879
eta_dm.nds_turn_raw_data	223879,152285356,gismonitor.yaw_user_match_dd,autonavi_tinfo.yaw_links_base_gmatch;205682,259594044,gd_cdm.dwd_gd_trvl_cont_yaw_di,gd_cdm.dim_gd_link_pair_ext;205682,259594044,autonavi_navi.dwd_gd_trvl_car_penalty_combine_reroute_circle_drv_di,gd_cdm.dim_gd_link_pair_ext;205682,259594044,autonavi_navi.dwd_gd_trvl_yaw_circle_route_valid_connect_drv_di_mid,gd_cdm.dim_gd_link_pair_ext;197516,157726951,gd_cdm.dwd_gd_trvl_alley_5link_di,autonavi_tinfo.daily_mining_link_pair_features_static_di;223879,134262442,gismonitor.yaw_user_match_dd,autonavi_tinfo.circle_choice_sample;197516,157726951,gd_cdm.dwd_gd_trvl_circle_detail_di,autonavi_tinfo.daily_mining_link_pair_features_static_di;205682,248348411,autonavi_navi.dwd_gd_trvl_car_penalty_combine_reroute_circle_drv_di,gd_cdm.dwd_gd_link_pair_ext;197516,157726951,gd_cdm.dwd_gd_trvl_circle_detail_di,autonavi_tinfo.daily_mining_link_pair_features_static_di;223879,152285356,gd_cdm.dwd_gd_trvl_highway_di,autonavi_tinfo.yaw_links_base_gmatch;197516,157726951,gismonitor.yaw_user_match_dd,autonavi_tinfo.daily_mining_link_pair_features_static_di;205682,248348411,autonavi_navi.dwd_gd_trvl_yaw_circle_route_valid_connect_drv_di_mid,gd_cdm.dwd_gd_link_pair_ext;223879,134915244,gismonitor.yaw_user_match_dd,autonavi_tinfo.yaw_links_base_gmatch;203175,158601318,autonavi_navi.dwd_gd_trvl_car_penalty_combine_reroute_circle_drv_di,autonavi_tinfo.dwd_gd_map_trace_link_bhv_exyaw_di;201598,247234172,autonavi_navi.dwd_gd_trvl_circle_bad_action_ind,autonavi_navi.dwd_gd_trvl_circle_detail_basic_info;223879,134915244,gd_cdm.dwd_gd_trvl_highway_di,autonavi_tinfo.yaw_links_base_gmatch;205682,259594044,gd_cdm.dwd_gd_trvl_route_detour_di,gd_cdm.dim_gd_link_pair_ext;201598,247234172,autonavi_navi.dwd_gd_trvl_circle_parallel_cross_ind,autonavi_navi.dwd_gd_trvl_circle_detail_basic_info;205682,248348411,gismonitor.yaw_user_match_dd,gd_cdm.dwd_gd_link_pair_ext	eta_dm.nds_turn_raw_data	092626	092626
gd_ads.ads_gd_famaliar_road_feature_format_deviceid_di	143537,218660434,gd_cdm.dwd_gd_trvl_highway_di,gd_cdm.dwd_gd_trvl_navi_trail_di;143537,218660434,gd_ads.dws_gd_trvl_change_path_di,gd_cdm.dwd_gd_trvl_navi_trail_di	gd_ads.ads_gd_famaliar_road_feature_format_deviceid_di	185394	185394
gd_ads.ads_gd_navi_feature_1d	143537,204207260,autonavi_navi.dwd_gd_trvl_car_penalty_combine_reroute_circle_drv_di,;143537,204207260,autonavi_navi.dwd_gd_trvl_yaw_circle_route_valid_connect_drv_di_mid,autonavi_navi.dwd_gd_trvl_car_penalty_combine_reroute_circle_drv_di;369466,247742297,gd_cdm.dwd_gd_trvl_route_detour_di,;143537,203544688,autonavi_navi.dwd_gd_trvl_yaw_circle_route_valid_connect_drv_di_mid,autonavi_navi.dwd_gd_trvl_yaw_circle_route_valid_connect_drv_di	gd_ads.ads_gd_navi_feature_1d	143537	143537
gd_ads.ads_gd_trl_badcase_scenic_spot_lists_di	369466,257552603,autonavi_navi.dwd_gd_trvl_yaw_circle_route_valid_connect_drv_di_mid,;205682,270308224,gd_cdm.dwd_gd_trvl_alley_5link_di,;369466,259219440,autonavi_navi.dwd_gd_trvl_yaw_circle_route_valid_connect_drv_di_mid,autonavi_navi.dwd_gd_trvl_car_penalty_combine_reroute_circle_drv_di;369466,259219440,autonavi_navi.dwd_gd_trvl_car_penalty_combine_reroute_circle_drv_di,;194251,225956898,gismonitor.yaw_user_match_dd,	gd_ads.ads_gd_trl_badcase_scenic_spot_lists_di	369466	369466
gd_ads.ads_gd_trvl_badcase_vitiation_detail_di	143537,204207260,autonavi_navi.dwd_gd_trvl_car_penalty_combine_reroute_circle_drv_di,;369466,247742297,gd_cdm.dwd_gd_trvl_route_detour_di,;143537,204207260,autonavi_navi.dwd_gd_trvl_yaw_circle_route_valid_connect_drv_di_mid,autonavi_navi.dwd_gd_trvl_car_penalty_combine_reroute_circle_drv_di	gd_ads.ads_gd_trvl_badcase_vitiation_detail_di	369466	369466
gd_ads.dws_gd_trvl_change_path_di	350347,268703761,gd_ads.ads_gd_trvl_change_toll_drv_1d,gd_cdm.dws_gd_change_path_add_toll_di;350347,267639907,gd_ads.ads_gd_trvl_change_toll_drv_1d,	gd_ads.dws_gd_trvl_change_path_di	350347	350347
gd_ads.dws_gd_trvl_navi_metric_drv_di	143537,230571548,gd_cdm.dwd_gd_trvl_nopenalty_path_circle_di,;143537,201892771,autonavi_navi.dwd_gd_trvl_car_penalty_combine_reroute_circle_drv_di,gd_ads.ads_gd_navi_feature_1d;185394,226426913,gd_cdm.dwd_gd_trvl_highway_di,;143537,201892771,gd_cdm.dwd_gd_trvl_route_detour_di,gd_ads.ads_gd_navi_feature_1d	gd_ads.dws_gd_trvl_navi_metric_drv_di	350347	350347
gd_ads.dws_gd_trvl_path_cover_metric_1d	350347,263000144,gd_ads.ads_gd_trvl_3bad_4bad_di,gd_ads.dws_gd_trvl_path_pair_detail_di;350347,263000144,gd_ads.dws_gd_trvl_diversity_bad_di,gd_ads.dws_gd_trvl_path_pair_detail_di;143537,218797830,gd_cdm.dwd_gd_trvl_opposite_strategy_di,gd_cdm.dws_gd_trvl_navi_drv_1d;350347,267521288,gd_ads.dws_gd_trvl_diversity_bad_di,	gd_ads.dws_gd_trvl_path_cover_metric_1d	350347	350347
gd_ads.dws_gd_trvl_path_pair_detail_di	350347,267521288,gd_ads.dws_gd_trvl_diversity_bad_di,;185394,269927063,gd_ads.ads_gd_trvl_3bad_4bad_di,	gd_ads.dws_gd_trvl_path_pair_detail_di	350347	350347
gd_ads.dws_gd_trvl_path_pair_detail_hi	350347,263000144,gd_ads.ads_gd_trvl_3bad_4bad_di,gd_ads.dws_gd_trvl_path_pair_detail_di;350347,263000144,gd_ads.dws_gd_trvl_diversity_bad_di,gd_ads.dws_gd_trvl_path_pair_detail_di	gd_ads.dws_gd_trvl_path_pair_detail_hi	350347	350347
gd_ads.dws_gd_trvl_path_roadnet_cover_metric_1d	143537,218797830,gd_cdm.dwd_gd_trvl_opposite_strategy_di,gd_cdm.dws_gd_trvl_navi_drv_1d	gd_ads.dws_gd_trvl_path_roadnet_cover_metric_1d	350347	350347
gd_ads.mds_gd_trvl_navi_link_invalid_backtrack_di	143537,204207260,autonavi_navi.dwd_gd_trvl_yaw_circle_route_valid_connect_drv_di_mid,autonavi_navi.dwd_gd_trvl_car_penalty_combine_reroute_circle_drv_di;143537,204207260,autonavi_navi.dwd_gd_trvl_car_penalty_combine_reroute_circle_drv_di,	gd_ads.mds_gd_trvl_navi_link_invalid_backtrack_di	369466	369466
gd_ads.mds_gd_trvl_navi_link_stay_prediction_di	143537,204207260,autonavi_navi.dwd_gd_trvl_car_penalty_combine_reroute_circle_drv_di,;143537,204207260,autonavi_navi.dwd_gd_trvl_yaw_circle_route_valid_connect_drv_di_mid,autonavi_navi.dwd_gd_trvl_car_penalty_combine_reroute_circle_drv_di	gd_ads.mds_gd_trvl_navi_link_stay_prediction_di	369466	369466
gd_cdm.alley_alternative_tmp_pre_dwd_gd_trvl_circle_detail_di	106847,249434214,gd_cdm.dwd_gd_trvl_circle_detail_di,gd_cdm.tmp_dwd_gd_trvl_circle_detail_di;106847,249434214,gd_cdm.dwd_gd_trvl_circle_detail_di,gd_cdm.tmp_dwd_gd_trvl_circle_detail_di	gd_cdm.alley_alternative_tmp_pre_dwd_gd_trvl_circle_detail_di	185394	185394
gd_cdm.dim_gd_adcode	350347,212109404,gd_cdm.dwd_gd_trvl_route_detour_di,gd_cdm.dwd_gd_trvl_navi_trail_log_di;194251,225956898,gismonitor.yaw_user_match_dd,;350347,212109404,gd_cdm.dwd_gd_trvl_circle_detail_di,gd_cdm.dwd_gd_trvl_navi_trail_log_di;350347,212109404,gd_cdm.dwd_gd_trvl_circle_detail_di,gd_cdm.dwd_gd_trvl_navi_trail_log_di;143537,218797830,gd_cdm.dwd_gd_trvl_opposite_strategy_di,gd_cdm.dws_gd_trvl_navi_drv_1d	gd_cdm.dim_gd_adcode	181932	181932
gd_cdm.dim_gd_adcode_1st_ver	350347,258694697,autonavi_navi.dwd_gd_trvl_yaw_circle_route_valid_connect_drv_di_mid,gd_cdm.dim_gd_trvl_navi_di;350347,258694697,gd_cdm.dwd_gd_trvl_cont_yaw_di,gd_cdm.dim_gd_trvl_navi_di;350347,258694697,autonavi_navi.dwd_gd_trvl_car_penalty_combine_reroute_circle_drv_di,gd_cdm.dim_gd_trvl_navi_di;350347,258694697,gd_ads.dws_gd_trvl_diversity_bad_di,gd_cdm.dim_gd_trvl_navi_di	gd_cdm.dim_gd_adcode_1st_ver	143116	143116
gd_cdm.dim_gd_calendar	143537,217550814,gd_cdm.dwd_gd_trvl_alley_5link_di,	gd_cdm.dim_gd_calendar	248718	248718
gd_cdm.dim_gd_fp_ds	203175,158601318,autonavi_navi.dwd_gd_trvl_car_penalty_combine_reroute_circle_drv_di,autonavi_tinfo.dwd_gd_map_trace_link_bhv_exyaw_di	gd_cdm.dim_gd_fp_ds	143537	143537
gd_cdm.dim_gd_link	143116,101601775,gd_cdm.dwd_gd_trvl_highway_di,gd_cdm.dim_gd_link_1st_ver;143116,101601775,gd_cdm.dwd_gd_trvl_route_detour_di,gd_cdm.dim_gd_link_1st_ver;143116,101601775,autonavi_navi.dwd_gd_trvl_car_penalty_combine_reroute_circle_drv_di,gd_cdm.dim_gd_link_1st_ver;143116,101601775,gd_cdm.dwd_gd_trvl_circle_detail_di,gd_cdm.dim_gd_link_1st_ver;143116,101601775,gd_cdm.dwd_gd_trvl_circle_detail_di,gd_cdm.dim_gd_link_1st_ver;143116,101601775,gd_cdm.dwd_gd_trvl_alley_5link_di,gd_cdm.dim_gd_link_1st_ver;203175,198937848,gismonitor.yaw_user_match_dd,autonavi_tinfo.highway_link_scene;029023,137736900,gismonitor.yaw_user_match_dd,autonavi_tinfo.basic_link_info2;201598,247234172,autonavi_navi.dwd_gd_trvl_circle_parallel_cross_ind,autonavi_navi.dwd_gd_trvl_circle_detail_basic_info;223879,254508146,gismonitor.yaw_user_match_dd,autonavi_tinfo.yaw_links_base_gmatch;201598,247234172,autonavi_navi.dwd_gd_trvl_circle_bad_action_ind,autonavi_navi.dwd_gd_trvl_circle_detail_basic_info;223879,134915244,gismonitor.yaw_user_match_dd,autonavi_tinfo.yaw_links_base_gmatch;223879,254508146,gd_cdm.dwd_gd_trvl_highway_di,autonavi_tinfo.yaw_links_base_gmatch;143537,204207260,autonavi_navi.dwd_gd_trvl_car_penalty_combine_reroute_circle_drv_di,;223879,134915244,gd_cdm.dwd_gd_trvl_highway_di,autonavi_tinfo.yaw_links_base_gmatch;197516,157726951,gd_cdm.dwd_gd_trvl_circle_detail_di,autonavi_tinfo.daily_mining_link_pair_features_static_di;197516,157726951,gismonitor.yaw_user_match_dd,autonavi_tinfo.daily_mining_link_pair_features_static_di;223879,134262442,gismonitor.yaw_user_match_dd,autonavi_tinfo.circle_choice_sample;143537,264024680,autonavi_navi.dwd_gd_trvl_car_penalty_combine_reroute_circle_drv_di,autonavi_navi.tmp_dwd_gd_trvl_car_penalty_combine_reroute_circle_drv_di;029023,202476989,gismonitor.yaw_user_match_dd,autonavi_tinfo.global_end_link;197516,157726951,gd_cdm.dwd_gd_trvl_alley_5link_di,autonavi_tinfo.daily_mining_link_pair_features_static_di;197516,157726951,gd_cdm.dwd_gd_trvl_circle_detail_di,autonavi_tinfo.daily_mining_link_pair_features_static_di;143537,230571548,gd_cdm.dwd_gd_trvl_nopenalty_path_circle_di,;168848,254108588,autonavi_navi.dwd_gd_trvl_circle_detail_naviaction,;143537,233474156,gd_cdm.dwd_gd_trvl_opposite_strategy_di,;197257,180066282,autonavi_navi.dwd_gd_trvl_car_penalty_combine_reroute_circle_drv_di,autonavi_tinfo.gmatch_gd_trvl_arr_road_di;143537,204207260,autonavi_navi.dwd_gd_trvl_yaw_circle_route_valid_connect_drv_di_mid,autonavi_navi.dwd_gd_trvl_car_penalty_combine_reroute_circle_drv_di;203175,158601318,autonavi_navi.dwd_gd_trvl_car_penalty_combine_reroute_circle_drv_di,autonavi_tinfo.dwd_gd_map_trace_link_bhv_exyaw_di	gd_cdm.dim_gd_link	143116	143116
gd_cdm.dim_gd_link_1st_ver	143537,218660434,gd_ads.dws_gd_trvl_change_path_di,gd_cdm.dwd_gd_trvl_navi_trail_di;106847,249584144,gd_cdm.dwd_gd_trvl_circle_detail_di,gd_cdm.tmp_dwd_gd_trvl_circle_detail_di;143537,204207260,autonavi_navi.dwd_gd_trvl_car_penalty_combine_reroute_circle_drv_di,;369466,247742297,gd_cdm.dwd_gd_trvl_route_detour_di,;185394,263131727,autonavi_navi.dwd_gd_trvl_circle_detail_naviaction,gd_cdm.dwd_gd_trvl_circle_detail_di;185394,263858151,gd_cdm.dwd_gd_trvl_circle_detail_di,gd_cdm.tmp_dwd_gd_trvl_circle_detail_di;106847,248658625,gd_cdm.dwd_gd_trvl_circle_detail_di,gd_cdm.tmp_dwd_gd_trvl_circle_detail_di;106847,248658625,gd_cdm.dwd_gd_trvl_circle_detail_di,gd_cdm.tmp_dwd_gd_trvl_circle_detail_di;185394,263131727,gd_ads.ads_gd_trvl_change_toll_drv_1d,gd_cdm.dwd_gd_trvl_circle_detail_di;106847,249584144,gd_cdm.dwd_gd_trvl_circle_detail_di,gd_cdm.tmp_dwd_gd_trvl_circle_detail_di;185394,263131727,gd_cdm.dwd_gd_trvl_cont_yaw_di,gd_cdm.dwd_gd_trvl_circle_detail_di;106847,245529452,gd_ads.ads_gd_trvl_change_toll_drv_1d,gd_cdm.dwd_gd_trvl_circle_detail_di;350347,268703761,gd_ads.ads_gd_trvl_change_toll_drv_1d,gd_cdm.dws_gd_change_path_add_toll_di;143116,117162567,autonavi_navi.dwd_gd_trvl_yaw_circle_route_valid_connect_drv_di_mid,gd_cdm.dim_gd_link_pair_1st_ver;205682,260723005,autonavi_navi.dwd_gd_trvl_car_penalty_combine_reroute_circle_drv_di,gd_cdm.dim_gd_link_pair_penalty_features;185394,226426913,gd_cdm.dwd_gd_trvl_highway_di,;106847,245529452,gd_cdm.dwd_gd_trvl_cont_yaw_di,gd_cdm.dwd_gd_trvl_circle_detail_di;185394,263131727,gd_cdm.dwd_gd_trvl_route_detour_di,gd_cdm.dwd_gd_trvl_circle_detail_di;185394,263858151,gd_cdm.dwd_gd_trvl_circle_detail_di,gd_cdm.tmp_dwd_gd_trvl_circle_detail_di;106847,245529452,autonavi_navi.dwd_gd_trvl_yaw_circle_route_valid_connect_drv_di_mid,gd_cdm.dwd_gd_trvl_circle_detail_di;106847,245529452,gd_cdm.dwd_gd_trvl_circle_detail_di,;205682,270308224,gd_cdm.dwd_gd_trvl_alley_5link_di,;205682,260723005,gd_cdm.dwd_gd_trvl_route_detour_di,gd_cdm.dim_gd_link_pair_penalty_features;165637,203891548,gd_cdm.dwd_gd_trvl_route_detour_di,autonavi_navi.dwd_gd_trvl_car_nds_high_penalty_drv_di;143116,117162567,autonavi_navi.dwd_gd_trvl_car_penalty_combine_reroute_circle_drv_di,gd_cdm.dim_gd_link_pair_1st_ver;106847,245529452,gd_cdm.dwd_gd_trvl_route_detour_di,gd_cdm.dwd_gd_trvl_circle_detail_di;143537,204207260,autonavi_navi.dwd_gd_trvl_yaw_circle_route_valid_connect_drv_di_mid,autonavi_navi.dwd_gd_trvl_car_penalty_combine_reroute_circle_drv_di;106847,245529452,autonavi_navi.dwd_gd_trvl_circle_detail_naviaction,gd_cdm.dwd_gd_trvl_circle_detail_di;185394,263131727,autonavi_navi.dwd_gd_trvl_yaw_circle_route_valid_connect_drv_di_mid,gd_cdm.dwd_gd_trvl_circle_detail_di;185394,263131727,gd_cdm.dwd_gd_trvl_circle_detail_di,;143116,117162567,gd_cdm.dwd_gd_trvl_route_detour_di,gd_cdm.dim_gd_link_pair_1st_ver;143537,218660434,gd_cdm.dwd_gd_trvl_highway_di,gd_cdm.dwd_gd_trvl_navi_trail_di	gd_cdm.dim_gd_link_1st_ver	143116	143116
gd_cdm.dim_gd_link_adfplus	201598,247234172,autonavi_navi.dwd_gd_trvl_circle_parallel_cross_ind,autonavi_navi.dwd_gd_trvl_circle_detail_basic_info;205682,248348411,autonavi_navi.dwd_gd_trvl_yaw_circle_route_valid_connect_drv_di_mid,gd_cdm.dwd_gd_link_pair_ext;143116,117162567,gd_cdm.dwd_gd_trvl_route_detour_di,gd_cdm.dim_gd_link_pair_1st_ver;205682,248348411,autonavi_navi.dwd_gd_trvl_car_penalty_combine_reroute_circle_drv_di,gd_cdm.dwd_gd_link_pair_ext;143116,117162567,autonavi_navi.dwd_gd_trvl_yaw_circle_route_valid_connect_drv_di_mid,gd_cdm.dim_gd_link_pair_1st_ver;205682,248348411,gismonitor.yaw_user_match_dd,gd_cdm.dwd_gd_link_pair_ext;029023,137736900,gismonitor.yaw_user_match_dd,autonavi_tinfo.basic_link_info2;201598,247234172,autonavi_navi.dwd_gd_trvl_circle_bad_action_ind,autonavi_navi.dwd_gd_trvl_circle_detail_basic_info;143116,117162567,autonavi_navi.dwd_gd_trvl_car_penalty_combine_reroute_circle_drv_di,gd_cdm.dim_gd_link_pair_1st_ver	gd_cdm.dim_gd_link_adfplus	143116	143116
gd_cdm.dim_gd_link_ext	350347,268703761,gd_ads.ads_gd_trvl_change_toll_drv_1d,gd_cdm.dws_gd_change_path_add_toll_di;205682,259594044,gd_cdm.dwd_gd_trvl_cont_yaw_di,gd_cdm.dim_gd_link_pair_ext;205682,259594044,autonavi_navi.dwd_gd_trvl_yaw_circle_route_valid_connect_drv_di_mid,gd_cdm.dim_gd_link_pair_ext;143537,218660434,gd_ads.dws_gd_trvl_change_path_di,gd_cdm.dwd_gd_trvl_navi_trail_di;143537,218660434,gd_cdm.dwd_gd_trvl_highway_di,gd_cdm.dwd_gd_trvl_navi_trail_di;205682,259594044,autonavi_navi.dwd_gd_trvl_car_penalty_combine_reroute_circle_drv_di,gd_cdm.dim_gd_link_pair_ext;205682,259594044,gd_cdm.dwd_gd_trvl_route_detour_di,gd_cdm.dim_gd_link_pair_ext	gd_cdm.dim_gd_link_ext	205682	205682
gd_cdm.dim_gd_link_extend	185394,263143055,gd_cdm.dwd_gd_trvl_circle_detail_di,gd_cdm.tmp_dwd_gd_trvl_circle_detail_split_path_a_di;106847,253481224,gd_cdm.dwd_gd_trvl_circle_detail_di,gd_cdm.tmp_dwd_gd_trvl_circle_detail_split_path_b_di;143537,264024680,autonavi_navi.dwd_gd_trvl_car_penalty_combine_reroute_circle_drv_di,autonavi_navi.tmp_dwd_gd_trvl_car_penalty_combine_reroute_circle_drv_di;143537,217551841,autonavi_navi.dwd_gd_trvl_car_penalty_combine_reroute_circle_drv_di,gd_cdm.dwd_gd_trvl_linkpair_trail_di;143537,217551841,autonavi_navi.dwd_gd_trvl_yaw_circle_route_valid_connect_drv_di_mid,gd_cdm.dwd_gd_trvl_linkpair_trail_di;143537,217551841,gd_ads.dws_gd_trvl_change_path_di,gd_cdm.dwd_gd_trvl_linkpair_trail_di;143537,217551841,gd_cdm.dwd_gd_trvl_highway_di,gd_cdm.dwd_gd_trvl_linkpair_trail_di;106847,253469569,gd_cdm.dwd_gd_trvl_circle_detail_di,gd_cdm.tmp_dwd_gd_trvl_circle_detail_split_path_a_di;205682,248348411,autonavi_navi.dwd_gd_trvl_yaw_circle_route_valid_connect_drv_di_mid,gd_cdm.dwd_gd_link_pair_ext;185394,263891418,gd_cdm.dwd_gd_trvl_circle_detail_di,gd_cdm.tmp_dwd_gd_trvl_circle_detail_split_path_b_di;205682,248348411,autonavi_navi.dwd_gd_trvl_car_penalty_combine_reroute_circle_drv_di,gd_cdm.dwd_gd_link_pair_ext;185394,263891418,gd_cdm.dwd_gd_trvl_circle_detail_di,gd_cdm.tmp_dwd_gd_trvl_circle_detail_split_path_b_di;106847,253481224,gd_cdm.dwd_gd_trvl_circle_detail_di,gd_cdm.tmp_dwd_gd_trvl_circle_detail_split_path_b_di;106847,253469569,gd_cdm.dwd_gd_trvl_circle_detail_di,gd_cdm.tmp_dwd_gd_trvl_circle_detail_split_path_a_di;205682,248348411,gismonitor.yaw_user_match_dd,gd_cdm.dwd_gd_link_pair_ext;143537,203544688,autonavi_navi.dwd_gd_trvl_yaw_circle_route_valid_connect_drv_di_mid,autonavi_navi.dwd_gd_trvl_yaw_circle_route_valid_connect_drv_di;185394,263143055,gd_cdm.dwd_gd_trvl_circle_detail_di,gd_cdm.tmp_dwd_gd_trvl_circle_detail_split_path_a_di	gd_cdm.dim_gd_link_extend	186680	186680
gd_cdm.dim_gd_link_pair_1st_ver	143537,204207260,autonavi_navi.dwd_gd_trvl_car_penalty_combine_reroute_circle_drv_di,;369466,269377248,autonavi_navi.dwd_gd_trvl_car_penalty_combine_reroute_circle_drv_di,gd_ads.mds_gd_trvl_navi_link_invalid_backtrack_di;369466,247742297,gd_cdm.dwd_gd_trvl_route_detour_di,;197516,157726951,gd_cdm.dwd_gd_trvl_circle_detail_di,autonavi_tinfo.daily_mining_link_pair_features_static_di;369466,234128968,autonavi_navi.dwd_gd_trvl_yaw_circle_route_valid_connect_drv_di_mid,;143537,204207260,autonavi_navi.dwd_gd_trvl_yaw_circle_route_valid_connect_drv_di_mid,autonavi_navi.dwd_gd_trvl_car_penalty_combine_reroute_circle_drv_di;197516,157726951,gd_cdm.dwd_gd_trvl_alley_5link_di,autonavi_tinfo.daily_mining_link_pair_features_static_di;197516,157726951,gismonitor.yaw_user_match_dd,autonavi_tinfo.daily_mining_link_pair_features_static_di;197516,157726951,gd_cdm.dwd_gd_trvl_circle_detail_di,autonavi_tinfo.daily_mining_link_pair_features_static_di	gd_cdm.dim_gd_link_pair_1st_ver	143116	143116
gd_cdm.dim_gd_link_pair_ext	143537,204207260,autonavi_navi.dwd_gd_trvl_yaw_circle_route_valid_connect_drv_di_mid,autonavi_navi.dwd_gd_trvl_car_penalty_combine_reroute_circle_drv_di;369466,247742297,gd_cdm.dwd_gd_trvl_route_detour_di,;143537,204207260,autonavi_navi.dwd_gd_trvl_car_penalty_combine_reroute_circle_drv_di,;369466,234128968,autonavi_navi.dwd_gd_trvl_yaw_circle_route_valid_connect_drv_di_mid,;143537,255662538,gd_cdm.dwd_gd_trvl_cont_yaw_di,;205682,260723005,gd_cdm.dwd_gd_trvl_route_detour_di,gd_cdm.dim_gd_link_pair_penalty_features;205682,260723005,autonavi_navi.dwd_gd_trvl_car_penalty_combine_reroute_circle_drv_di,gd_cdm.dim_gd_link_pair_penalty_features	gd_cdm.dim_gd_link_pair_ext	205682	205682
gd_cdm.dim_gd_link_pair_penalty_features	143537,204207260,autonavi_navi.dwd_gd_trvl_car_penalty_combine_reroute_circle_drv_di,;143537,204207260,autonavi_navi.dwd_gd_trvl_yaw_circle_route_valid_connect_drv_di_mid,autonavi_navi.dwd_gd_trvl_car_penalty_combine_reroute_circle_drv_di;369466,247742297,gd_cdm.dwd_gd_trvl_route_detour_di,	gd_cdm.dim_gd_link_pair_penalty_features	205682	205682
gd_cdm.dim_gd_poi	369466,249450990,autonavi_navi.dwd_gd_trvl_car_penalty_combine_reroute_circle_drv_di,gd_ads.ads_gd_trl_badcase_scenic_spot_lists_di;369466,249450990,autonavi_navi.dwd_gd_trvl_yaw_circle_route_valid_connect_drv_di_mid,gd_ads.ads_gd_trl_badcase_scenic_spot_lists_di;143537,204207260,autonavi_navi.dwd_gd_trvl_yaw_circle_route_valid_connect_drv_di_mid,autonavi_navi.dwd_gd_trvl_car_penalty_combine_reroute_circle_drv_di;369466,249450990,gismonitor.yaw_user_match_dd,gd_ads.ads_gd_trl_badcase_scenic_spot_lists_di;143537,204207260,autonavi_navi.dwd_gd_trvl_car_penalty_combine_reroute_circle_drv_di,;369466,249450990,gd_cdm.dwd_gd_trvl_alley_5link_di,gd_ads.ads_gd_trl_badcase_scenic_spot_lists_di	gd_cdm.dim_gd_poi	358627	358627
gd_cdm.dim_gd_trvl_log_di	350347,258694697,gd_ads.dws_gd_trvl_diversity_bad_di,gd_cdm.dim_gd_trvl_navi_di;350347,258694697,autonavi_navi.dwd_gd_trvl_car_penalty_combine_reroute_circle_drv_di,gd_cdm.dim_gd_trvl_navi_di;350347,258694697,autonavi_navi.dwd_gd_trvl_yaw_circle_route_valid_connect_drv_di_mid,gd_cdm.dim_gd_trvl_navi_di;350347,258694697,gd_cdm.dwd_gd_trvl_cont_yaw_di,gd_cdm.dim_gd_trvl_navi_di	gd_cdm.dim_gd_trvl_log_di	350347	350347
gd_cdm.dim_gd_trvl_navi_di	369466,234128968,autonavi_navi.dwd_gd_trvl_yaw_circle_route_valid_connect_drv_di_mid,;350347,268703761,gd_ads.ads_gd_trvl_change_toll_drv_1d,gd_cdm.dws_gd_change_path_add_toll_di;143537,204207260,autonavi_navi.dwd_gd_trvl_yaw_circle_route_valid_connect_drv_di_mid,autonavi_navi.dwd_gd_trvl_car_penalty_combine_reroute_circle_drv_di;143537,255662538,gd_cdm.dwd_gd_trvl_cont_yaw_di,;143537,204207260,autonavi_navi.dwd_gd_trvl_car_penalty_combine_reroute_circle_drv_di,;350347,267521288,gd_ads.dws_gd_trvl_diversity_bad_di,	gd_cdm.dim_gd_trvl_navi_di	350347	350347
gd_cdm.dim_gd_trvl_recaller_penalty_all_di	205682,259594044,autonavi_navi.dwd_gd_trvl_yaw_circle_route_valid_connect_drv_di_mid,gd_cdm.dim_gd_link_pair_ext;205682,259594044,gd_cdm.dwd_gd_trvl_cont_yaw_di,gd_cdm.dim_gd_link_pair_ext;205682,259594044,gd_cdm.dwd_gd_trvl_route_detour_di,gd_cdm.dim_gd_link_pair_ext;205682,259594044,autonavi_navi.dwd_gd_trvl_car_penalty_combine_reroute_circle_drv_di,gd_cdm.dim_gd_link_pair_ext	gd_cdm.dim_gd_trvl_recaller_penalty_all_di	205682	205682
gd_cdm.dim_gd_trvl_route_high_penaltys_di	205682,260723005,autonavi_navi.dwd_gd_trvl_car_penalty_combine_reroute_circle_drv_di,gd_cdm.dim_gd_link_pair_penalty_features;205682,260723005,gd_cdm.dwd_gd_trvl_route_detour_di,gd_cdm.dim_gd_link_pair_penalty_features	gd_cdm.dim_gd_trvl_route_high_penaltys_di	205682	205682
gd_cdm.dwd_all_highway_link_detail	194251,263431264,gismonitor.yaw_user_match_dd,;205682,270308224,gd_cdm.dwd_gd_trvl_alley_5link_di,;369466,257552603,autonavi_navi.dwd_gd_trvl_yaw_circle_route_valid_connect_drv_di_mid,;369466,259219440,autonavi_navi.dwd_gd_trvl_yaw_circle_route_valid_connect_drv_di_mid,autonavi_navi.dwd_gd_trvl_car_penalty_combine_reroute_circle_drv_di;369466,259219440,autonavi_navi.dwd_gd_trvl_car_penalty_combine_reroute_circle_drv_di,	gd_cdm.dwd_all_highway_link_detail	369466	369466
gd_cdm.dwd_gd_link_pair_ext	194251,225956898,gismonitor.yaw_user_match_dd,;369466,259219440,autonavi_navi.dwd_gd_trvl_car_penalty_combine_reroute_circle_drv_di,;369466,257552603,autonavi_navi.dwd_gd_trvl_yaw_circle_route_valid_connect_drv_di_mid,;369466,259219440,autonavi_navi.dwd_gd_trvl_yaw_circle_route_valid_connect_drv_di_mid,autonavi_navi.dwd_gd_trvl_car_penalty_combine_reroute_circle_drv_di	gd_cdm.dwd_gd_link_pair_ext	205682	205682
gd_cdm.dwd_gd_trvl_automation_penalty_ossdata_di	369466,255686431,autonavi_navi.dwd_gd_trvl_car_penalty_combine_reroute_circle_drv_di,gd_ads.ads_gd_trvl_badcase_vitiation_detail_di;369466,255686431,gd_cdm.dwd_gd_trvl_route_detour_di,gd_ads.ads_gd_trvl_badcase_vitiation_detail_di	gd_cdm.dwd_gd_trvl_automation_penalty_ossdata_di	369466	369466
gd_cdm.dwd_gd_trvl_circle_detail_di	369466,234128968,autonavi_navi.dwd_gd_trvl_yaw_circle_route_valid_connect_drv_di_mid,;201598,247234172,autonavi_navi.dwd_gd_trvl_circle_bad_action_ind,autonavi_navi.dwd_gd_trvl_circle_detail_basic_info;201598,247234172,autonavi_navi.dwd_gd_trvl_circle_parallel_cross_ind,autonavi_navi.dwd_gd_trvl_circle_detail_basic_info;369466,247742297,gd_cdm.dwd_gd_trvl_route_detour_di,;143537,255662538,gd_cdm.dwd_gd_trvl_cont_yaw_di,;143537,264024680,autonavi_navi.dwd_gd_trvl_car_penalty_combine_reroute_circle_drv_di,autonavi_navi.tmp_dwd_gd_trvl_car_penalty_combine_reroute_circle_drv_di;205682,265436755,autonavi_navi.dwd_gd_trvl_car_penalty_combine_reroute_circle_drv_di,gd_cdm.dwd_gd_trvl_circle_tag_di;350347,267639907,gd_ads.ads_gd_trvl_change_toll_drv_1d,;168848,254108588,autonavi_navi.dwd_gd_trvl_circle_detail_naviaction,	gd_cdm.dwd_gd_trvl_circle_detail_di	185394	185394
gd_cdm.dwd_gd_trvl_circle_tag_di	143537,204207260,autonavi_navi.dwd_gd_trvl_yaw_circle_route_valid_connect_drv_di_mid,autonavi_navi.dwd_gd_trvl_car_penalty_combine_reroute_circle_drv_di;143537,204207260,autonavi_navi.dwd_gd_trvl_car_penalty_combine_reroute_circle_drv_di,	gd_cdm.dwd_gd_trvl_circle_tag_di	205682	205682
gd_cdm.dwd_gd_trvl_etau_drv_di	223879,254508146,gd_cdm.dwd_gd_trvl_highway_di,autonavi_tinfo.yaw_links_base_gmatch;223879,134262442,gismonitor.yaw_user_match_dd,autonavi_tinfo.circle_choice_sample;300150,185237160,gismonitor.yaw_user_match_dd,autonavi_incubation.source_truck_trace_classification;223879,254508146,gismonitor.yaw_user_match_dd,autonavi_tinfo.yaw_links_base_gmatch	gd_cdm.dwd_gd_trvl_etau_drv_di	143537	143537
gd_cdm.dwd_gd_trvl_evtpub_di	185394,263131727,gd_cdm.dwd_gd_trvl_circle_detail_di,;185394,263131727,gd_cdm.dwd_gd_trvl_route_detour_di,gd_cdm.dwd_gd_trvl_circle_detail_di;106847,245529452,autonavi_navi.dwd_gd_trvl_circle_detail_naviaction,gd_cdm.dwd_gd_trvl_circle_detail_di;185394,263131727,gd_cdm.dwd_gd_trvl_cont_yaw_di,gd_cdm.dwd_gd_trvl_circle_detail_di;106847,245529452,gd_ads.ads_gd_trvl_change_toll_drv_1d,gd_cdm.dwd_gd_trvl_circle_detail_di;106847,245529452,autonavi_navi.dwd_gd_trvl_yaw_circle_route_valid_connect_drv_di_mid,gd_cdm.dwd_gd_trvl_circle_detail_di;185394,263131727,gd_ads.ads_gd_trvl_change_toll_drv_1d,gd_cdm.dwd_gd_trvl_circle_detail_di;185394,263131727,autonavi_navi.dwd_gd_trvl_circle_detail_naviaction,gd_cdm.dwd_gd_trvl_circle_detail_di;185394,263131727,autonavi_navi.dwd_gd_trvl_yaw_circle_route_valid_connect_drv_di_mid,gd_cdm.dwd_gd_trvl_circle_detail_di;143537,204207260,autonavi_navi.dwd_gd_trvl_yaw_circle_route_valid_connect_drv_di_mid,autonavi_navi.dwd_gd_trvl_car_penalty_combine_reroute_circle_drv_di;106847,245529452,gd_cdm.dwd_gd_trvl_cont_yaw_di,gd_cdm.dwd_gd_trvl_circle_detail_di;143537,204207260,autonavi_navi.dwd_gd_trvl_car_penalty_combine_reroute_circle_drv_di,;106847,245529452,gd_cdm.dwd_gd_trvl_route_detour_di,gd_cdm.dwd_gd_trvl_circle_detail_di;106847,245529452,gd_cdm.dwd_gd_trvl_circle_detail_di,	gd_cdm.dwd_gd_trvl_evtpub_di	143537	143537
gd_cdm.dwd_gd_trvl_evtpub_mi	143537,103440027,autonavi_navi.dwd_gd_trvl_car_penalty_combine_reroute_circle_drv_di,gd_cdm.dwd_gd_trvl_evtpub_di;143537,103440027,gd_cdm.dwd_gd_trvl_circle_detail_di,gd_cdm.dwd_gd_trvl_evtpub_di;143537,103440027,gd_cdm.dwd_gd_trvl_circle_detail_di,gd_cdm.dwd_gd_trvl_evtpub_di	gd_cdm.dwd_gd_trvl_evtpub_mi	143537	143537
gd_cdm.dwd_gd_trvl_flwpub_new_di	185394,263143055,gd_cdm.dwd_gd_trvl_circle_detail_di,gd_cdm.tmp_dwd_gd_trvl_circle_detail_split_path_a_di;106847,253469569,gd_cdm.dwd_gd_trvl_circle_detail_di,gd_cdm.tmp_dwd_gd_trvl_circle_detail_split_path_a_di;185394,263891418,gd_cdm.dwd_gd_trvl_circle_detail_di,gd_cdm.tmp_dwd_gd_trvl_circle_detail_split_path_b_di;185394,263143055,gd_cdm.dwd_gd_trvl_circle_detail_di,gd_cdm.tmp_dwd_gd_trvl_circle_detail_split_path_a_di;106847,253481224,gd_cdm.dwd_gd_trvl_circle_detail_di,gd_cdm.tmp_dwd_gd_trvl_circle_detail_split_path_b_di;185394,263891418,gd_cdm.dwd_gd_trvl_circle_detail_di,gd_cdm.tmp_dwd_gd_trvl_circle_detail_split_path_b_di;106847,253481224,gd_cdm.dwd_gd_trvl_circle_detail_di,gd_cdm.tmp_dwd_gd_trvl_circle_detail_split_path_b_di;106847,253469569,gd_cdm.dwd_gd_trvl_circle_detail_di,gd_cdm.tmp_dwd_gd_trvl_circle_detail_split_path_a_di	gd_cdm.dwd_gd_trvl_flwpub_new_di	143537	143537
gd_cdm.dwd_gd_trvl_highway_di	369466,238872149,gismonitor.yaw_user_match_dd,gd_cdm.dwd_all_highway_link_detail;369466,238872149,autonavi_navi.dwd_gd_trvl_car_penalty_combine_reroute_circle_drv_di,gd_cdm.dwd_all_highway_link_detail;369466,238872149,gd_cdm.dwd_gd_trvl_alley_5link_di,gd_cdm.dwd_all_highway_link_detail;369466,238872149,autonavi_navi.dwd_gd_trvl_yaw_circle_route_valid_connect_drv_di_mid,gd_cdm.dwd_all_highway_link_detail	gd_cdm.dwd_gd_trvl_highway_di	350347	350347
gd_cdm.dwd_gd_trvl_linkpair_trail_di	143537,204207260,autonavi_navi.dwd_gd_trvl_yaw_circle_route_valid_connect_drv_di_mid,autonavi_navi.dwd_gd_trvl_car_penalty_combine_reroute_circle_drv_di;350347,266864619,gd_ads.dws_gd_trvl_change_path_di,;143537,204207260,autonavi_navi.dwd_gd_trvl_car_penalty_combine_reroute_circle_drv_di,;350347,266864619,gd_ads.ads_gd_trvl_change_toll_drv_1d,gd_ads.dws_gd_trvl_change_path_di;369466,269377248,autonavi_navi.dwd_gd_trvl_car_penalty_combine_reroute_circle_drv_di,gd_ads.mds_gd_trvl_navi_link_invalid_backtrack_di;143537,203992510,gd_cdm.dwd_gd_trvl_circle_detail_di,autonavi_navi.dwd_gd_trvl_car_navi_trail_penalty_drv_di;143537,218660434,gd_ads.dws_gd_trvl_change_path_di,gd_cdm.dwd_gd_trvl_navi_trail_di;143537,218660434,gd_cdm.dwd_gd_trvl_highway_di,gd_cdm.dwd_gd_trvl_navi_trail_di;350347,268019921,gd_ads.dws_gd_trvl_diversity_bad_di,gd_ads.dws_gd_trvl_path_cover_metric_1d;185394,226426913,gd_cdm.dwd_gd_trvl_highway_di,;143537,203992510,gd_cdm.dwd_gd_trvl_circle_detail_di,autonavi_navi.dwd_gd_trvl_car_navi_trail_penalty_drv_di;369466,234128968,autonavi_navi.dwd_gd_trvl_yaw_circle_route_valid_connect_drv_di_mid,	gd_cdm.dwd_gd_trvl_linkpair_trail_di	143537	143537
gd_cdm.dwd_gd_trvl_log_trail_di	143537,231508056,gd_cdm.dwd_gd_trvl_nopenalty_path_circle_di,autonavi_navi.dwd_gd_trvl_nopenalty_route_drv_di;369466,234128968,autonavi_navi.dwd_gd_trvl_yaw_circle_route_valid_connect_drv_di_mid,;143537,204207260,autonavi_navi.dwd_gd_trvl_yaw_circle_route_valid_connect_drv_di_mid,autonavi_navi.dwd_gd_trvl_car_penalty_combine_reroute_circle_drv_di;143537,233474156,gd_cdm.dwd_gd_trvl_opposite_strategy_di,;143537,204001054,gd_cdm.dwd_gd_trvl_circle_detail_di,autonavi_navi.dwd_gd_trvl_car_navi_route_path_penalty_drv_di;143537,204207260,autonavi_navi.dwd_gd_trvl_car_penalty_combine_reroute_circle_drv_di,;143537,204001054,gd_cdm.dwd_gd_trvl_circle_detail_di,autonavi_navi.dwd_gd_trvl_car_navi_route_path_penalty_drv_di	gd_cdm.dwd_gd_trvl_log_trail_di	143537	143537
gd_cdm.dwd_gd_trvl_navi_drv_di	143537,218660434,gd_ads.dws_gd_trvl_change_path_di,gd_cdm.dwd_gd_trvl_navi_trail_di;350347,258694697,autonavi_navi.dwd_gd_trvl_yaw_circle_route_valid_connect_drv_di_mid,gd_cdm.dim_gd_trvl_navi_di;350347,258694697,gd_cdm.dwd_gd_trvl_cont_yaw_di,gd_cdm.dim_gd_trvl_navi_di;350347,258694697,autonavi_navi.dwd_gd_trvl_car_penalty_combine_reroute_circle_drv_di,gd_cdm.dim_gd_trvl_navi_di;350347,258694697,gd_ads.dws_gd_trvl_diversity_bad_di,gd_cdm.dim_gd_trvl_navi_di;205682,101539611,gd_ads.ads_gd_trvl_3bad_4bad_di,gd_cdm.dwd_gd_trvl_route_drv_di;205682,101539611,gd_ads.ads_gd_trvl_change_toll_drv_1d,gd_cdm.dwd_gd_trvl_route_drv_di;205682,101539611,autonavi_navi.dwd_gd_trvl_yaw_circle_route_valid_connect_drv_di_mid,gd_cdm.dwd_gd_trvl_route_drv_di;205682,101539611,gismonitor.yaw_user_match_dd,gd_cdm.dwd_gd_trvl_route_drv_di;205682,101539611,gd_cdm.dwd_gd_trvl_highway_di,gd_cdm.dwd_gd_trvl_route_drv_di;205682,101539611,autonavi_navi.dwd_gd_trvl_car_penalty_combine_reroute_circle_drv_di,gd_cdm.dwd_gd_trvl_route_drv_di;205682,101539611,gd_cdm.dwd_gd_trvl_alley_5link_di,gd_cdm.dwd_gd_trvl_route_drv_di;143537,218797830,gd_cdm.dwd_gd_trvl_opposite_strategy_di,gd_cdm.dws_gd_trvl_navi_drv_1d;350347,212109404,gd_cdm.dwd_gd_trvl_route_detour_di,gd_cdm.dwd_gd_trvl_navi_trail_log_di;350347,212109404,gd_cdm.dwd_gd_trvl_circle_detail_di,gd_cdm.dwd_gd_trvl_navi_trail_log_di;350347,212109404,gd_cdm.dwd_gd_trvl_circle_detail_di,gd_cdm.dwd_gd_trvl_navi_trail_log_di;143537,217551841,autonavi_navi.dwd_gd_trvl_yaw_circle_route_valid_connect_drv_di_mid,gd_cdm.dwd_gd_trvl_linkpair_trail_di;143537,217551841,gd_ads.dws_gd_trvl_change_path_di,gd_cdm.dwd_gd_trvl_linkpair_trail_di;143537,217551841,gd_cdm.dwd_gd_trvl_highway_di,gd_cdm.dwd_gd_trvl_linkpair_trail_di;143537,217551841,autonavi_navi.dwd_gd_trvl_car_penalty_combine_reroute_circle_drv_di,gd_cdm.dwd_gd_trvl_linkpair_trail_di;350347,242142609,gd_ads.dws_gd_trvl_change_path_di,gd_cdm.dwd_gd_trvl_path_detail_di;350347,242142609,gd_cdm.dwd_gd_trvl_highway_di,gd_cdm.dwd_gd_trvl_path_detail_di;350347,242142609,gd_cdm.dwd_gd_trvl_opposite_strategy_di,gd_cdm.dwd_gd_trvl_path_detail_di;201598,199440578,gd_cdm.dwd_gd_trvl_opposite_strategy_di,autonavi_navi.cml_offline_personal_od_cnt_target_drv_di;143537,218660434,gd_cdm.dwd_gd_trvl_highway_di,gd_cdm.dwd_gd_trvl_navi_trail_di;369466,247742297,gd_cdm.dwd_gd_trvl_route_detour_di,;350347,261568429,gd_cdm.dwd_gd_trvl_nopenalty_path_circle_di,gd_ads.dws_gd_trvl_navi_metric_drv_di;350347,261568429,gd_cdm.dwd_gd_trvl_highway_di,gd_ads.dws_gd_trvl_navi_metric_drv_di;350347,268703761,gd_ads.ads_gd_trvl_change_toll_drv_1d,gd_cdm.dws_gd_change_path_add_toll_di;143537,233474156,gd_cdm.dwd_gd_trvl_opposite_strategy_di,	gd_cdm.dwd_gd_trvl_navi_drv_di	205682	205682
gd_cdm.dwd_gd_trvl_navi_reroute_detail_drv_di	143537,218797830,gd_cdm.dwd_gd_trvl_opposite_strategy_di,gd_cdm.dws_gd_trvl_navi_drv_1d;350347,261568429,gd_cdm.dwd_gd_trvl_highway_di,gd_ads.dws_gd_trvl_navi_metric_drv_di;350347,261568429,gd_cdm.dwd_gd_trvl_nopenalty_path_circle_di,gd_ads.dws_gd_trvl_navi_metric_drv_di	gd_cdm.dwd_gd_trvl_navi_reroute_detail_drv_di	106847	106847
gd_cdm.dwd_gd_trvl_navi_trail_di	143537,217572322,autonavi_navi.dwd_gd_trvl_car_penalty_combine_reroute_circle_drv_di,gd_cdm.dwd_gd_trvl_log_trail_di;350347,266864619,gd_ads.ads_gd_trvl_change_toll_drv_1d,gd_ads.dws_gd_trvl_change_path_di;350347,268703761,gd_ads.ads_gd_trvl_change_toll_drv_1d,gd_cdm.dws_gd_change_path_add_toll_di;185394,226426913,gd_cdm.dwd_gd_trvl_highway_di,;143537,217572322,gd_cdm.dwd_gd_trvl_opposite_strategy_di,gd_cdm.dwd_gd_trvl_log_trail_di;350347,266864619,gd_ads.dws_gd_trvl_change_path_di,;143537,217572322,autonavi_navi.dwd_gd_trvl_yaw_circle_route_valid_connect_drv_di_mid,gd_cdm.dwd_gd_trvl_log_trail_di;350347,268019921,gd_ads.dws_gd_trvl_diversity_bad_di,gd_ads.dws_gd_trvl_path_cover_metric_1d	gd_cdm.dwd_gd_trvl_navi_trail_di	143537	143537
gd_cdm.dwd_gd_trvl_navi_trail_log_di	106847,245529452,gd_cdm.dwd_gd_trvl_cont_yaw_di,gd_cdm.dwd_gd_trvl_circle_detail_di;185394,263131727,gd_cdm.dwd_gd_trvl_cont_yaw_di,gd_cdm.dwd_gd_trvl_circle_detail_di;106847,245529452,autonavi_navi.dwd_gd_trvl_yaw_circle_route_valid_connect_drv_di_mid,gd_cdm.dwd_gd_trvl_circle_detail_di;185394,263131727,gd_cdm.dwd_gd_trvl_circle_detail_di,;106847,245529452,gd_cdm.dwd_gd_trvl_route_detour_di,gd_cdm.dwd_gd_trvl_circle_detail_di;369466,238872149,autonavi_navi.dwd_gd_trvl_car_penalty_combine_reroute_circle_drv_di,gd_cdm.dwd_all_highway_link_detail;369466,269377248,autonavi_navi.dwd_gd_trvl_car_penalty_combine_reroute_circle_drv_di,gd_ads.mds_gd_trvl_navi_link_invalid_backtrack_di;143537,231445623,gd_cdm.dwd_gd_trvl_nopenalty_path_circle_di,gd_cdm.tmp_no_penalty_all_case;185394,263131727,autonavi_navi.dwd_gd_trvl_yaw_circle_route_valid_connect_drv_di_mid,gd_cdm.dwd_gd_trvl_circle_detail_di;106847,245529452,gd_cdm.dwd_gd_trvl_circle_detail_di,;369466,238872149,gismonitor.yaw_user_match_dd,gd_cdm.dwd_all_highway_link_detail;369466,238872149,gd_cdm.dwd_gd_trvl_alley_5link_di,gd_cdm.dwd_all_highway_link_detail;369466,247742297,gd_cdm.dwd_gd_trvl_route_detour_di,;106847,245529452,gd_ads.ads_gd_trvl_change_toll_drv_1d,gd_cdm.dwd_gd_trvl_circle_detail_di;185394,263131727,autonavi_navi.dwd_gd_trvl_circle_detail_naviaction,gd_cdm.dwd_gd_trvl_circle_detail_di;185394,263131727,gd_cdm.dwd_gd_trvl_route_detour_di,gd_cdm.dwd_gd_trvl_circle_detail_di;369466,238872149,autonavi_navi.dwd_gd_trvl_yaw_circle_route_valid_connect_drv_di_mid,gd_cdm.dwd_all_highway_link_detail;143537,218797830,gd_cdm.dwd_gd_trvl_opposite_strategy_di,gd_cdm.dws_gd_trvl_navi_drv_1d;106847,245529452,autonavi_navi.dwd_gd_trvl_circle_detail_naviaction,gd_cdm.dwd_gd_trvl_circle_detail_di;185394,263131727,gd_ads.ads_gd_trvl_change_toll_drv_1d,gd_cdm.dwd_gd_trvl_circle_detail_di	gd_cdm.dwd_gd_trvl_navi_trail_log_di	350347	350347
gd_cdm.dwd_gd_trvl_nopenalty_path_circle_di	106847,248658625,gd_cdm.dwd_gd_trvl_circle_detail_di,gd_cdm.tmp_dwd_gd_trvl_circle_detail_di;106847,248658625,gd_cdm.dwd_gd_trvl_circle_detail_di,gd_cdm.tmp_dwd_gd_trvl_circle_detail_di	gd_cdm.dwd_gd_trvl_nopenalty_path_circle_di	143537	143537
gd_cdm.dwd_gd_trvl_opposite_strategy_di	350347,268703761,gd_ads.ads_gd_trvl_change_toll_drv_1d,gd_cdm.dws_gd_change_path_add_toll_di	gd_cdm.dwd_gd_trvl_opposite_strategy_di	143537	143537
gd_cdm.dwd_gd_trvl_path_detail_di	143537,233474156,gd_cdm.dwd_gd_trvl_opposite_strategy_di,;185394,226426913,gd_cdm.dwd_gd_trvl_highway_di,;350347,268019921,gd_ads.dws_gd_trvl_diversity_bad_di,gd_ads.dws_gd_trvl_path_cover_metric_1d;106847,248658625,gd_cdm.dwd_gd_trvl_circle_detail_di,gd_cdm.tmp_dwd_gd_trvl_circle_detail_di;350347,268703761,gd_ads.ads_gd_trvl_change_toll_drv_1d,gd_cdm.dws_gd_change_path_add_toll_di;106847,247065994,gd_cdm.dwd_gd_trvl_circle_detail_di,gd_cdm.tmp_dwd_gd_trvl_circle_detail_di;185394,263858151,gd_cdm.dwd_gd_trvl_circle_detail_di,gd_cdm.tmp_dwd_gd_trvl_circle_detail_di;106847,249584144,gd_cdm.dwd_gd_trvl_circle_detail_di,gd_cdm.tmp_dwd_gd_trvl_circle_detail_di;350347,263000144,gd_ads.dws_gd_trvl_diversity_bad_di,gd_ads.dws_gd_trvl_path_pair_detail_di;106847,248658625,gd_cdm.dwd_gd_trvl_circle_detail_di,gd_cdm.tmp_dwd_gd_trvl_circle_detail_di;106847,249584144,gd_cdm.dwd_gd_trvl_circle_detail_di,gd_cdm.tmp_dwd_gd_trvl_circle_detail_di;350347,263000144,gd_ads.ads_gd_trvl_3bad_4bad_di,gd_ads.dws_gd_trvl_path_pair_detail_di;185394,263858151,gd_cdm.dwd_gd_trvl_circle_detail_di,gd_cdm.tmp_dwd_gd_trvl_circle_detail_di;350347,266864619,gd_ads.ads_gd_trvl_change_toll_drv_1d,gd_ads.dws_gd_trvl_change_path_di;106847,247065994,gd_cdm.dwd_gd_trvl_circle_detail_di,gd_cdm.tmp_dwd_gd_trvl_circle_detail_di;350347,266864619,gd_ads.dws_gd_trvl_change_path_di,	gd_cdm.dwd_gd_trvl_path_detail_di	350347	350347
gd_cdm.dwd_gd_trvl_penalty_circles_df	205682,260723005,autonavi_navi.dwd_gd_trvl_car_penalty_combine_reroute_circle_drv_di,gd_cdm.dim_gd_link_pair_penalty_features;205682,260723005,gd_cdm.dwd_gd_trvl_route_detour_di,gd_cdm.dim_gd_link_pair_penalty_features	gd_cdm.dwd_gd_trvl_penalty_circles_df	205682	205682
gd_cdm.dwd_gd_trvl_penalty_detail_di	369466,255686431,gd_cdm.dwd_gd_trvl_route_detour_di,gd_ads.ads_gd_trvl_badcase_vitiation_detail_di;369466,255686431,autonavi_navi.dwd_gd_trvl_car_penalty_combine_reroute_circle_drv_di,gd_ads.ads_gd_trvl_badcase_vitiation_detail_di	gd_cdm.dwd_gd_trvl_penalty_detail_di	369466	369466
gd_cdm.dwd_gd_trvl_route_drv_di	350347,258694697,gd_cdm.dwd_gd_trvl_cont_yaw_di,gd_cdm.dim_gd_trvl_navi_di;106847,247065994,gd_cdm.dwd_gd_trvl_circle_detail_di,gd_cdm.tmp_dwd_gd_trvl_circle_detail_di;106847,247065994,gd_cdm.dwd_gd_trvl_circle_detail_di,gd_cdm.tmp_dwd_gd_trvl_circle_detail_di;106847,249584144,gd_cdm.dwd_gd_trvl_circle_detail_di,gd_cdm.tmp_dwd_gd_trvl_circle_detail_di;185394,263858151,gd_cdm.dwd_gd_trvl_circle_detail_di,gd_cdm.tmp_dwd_gd_trvl_circle_detail_di;106847,249584144,gd_cdm.dwd_gd_trvl_circle_detail_di,gd_cdm.tmp_dwd_gd_trvl_circle_detail_di;185394,263858151,gd_cdm.dwd_gd_trvl_circle_detail_di,gd_cdm.tmp_dwd_gd_trvl_circle_detail_di;143537,218660434,gd_ads.dws_gd_trvl_change_path_di,gd_cdm.dwd_gd_trvl_navi_trail_di;350347,263000144,gd_ads.dws_gd_trvl_diversity_bad_di,gd_ads.dws_gd_trvl_path_pair_detail_di;143537,218660434,gd_cdm.dwd_gd_trvl_highway_di,gd_cdm.dwd_gd_trvl_navi_trail_di;201598,199440578,gd_cdm.dwd_gd_trvl_opposite_strategy_di,autonavi_navi.cml_offline_personal_od_cnt_target_drv_di;350347,263000144,gd_ads.ads_gd_trvl_3bad_4bad_di,gd_ads.dws_gd_trvl_path_pair_detail_di;143537,204207260,autonavi_navi.dwd_gd_trvl_yaw_circle_route_valid_connect_drv_di_mid,autonavi_navi.dwd_gd_trvl_car_penalty_combine_reroute_circle_drv_di;205682,270308224,gd_cdm.dwd_gd_trvl_alley_5link_di,;185394,226426913,gd_cdm.dwd_gd_trvl_highway_di,;350347,212109404,gd_cdm.dwd_gd_trvl_circle_detail_di,gd_cdm.dwd_gd_trvl_navi_trail_log_di;350347,212109404,gd_cdm.dwd_gd_trvl_circle_detail_di,gd_cdm.dwd_gd_trvl_navi_trail_log_di;143537,204207260,autonavi_navi.dwd_gd_trvl_car_penalty_combine_reroute_circle_drv_di,;350347,212109404,gd_cdm.dwd_gd_trvl_route_detour_di,gd_cdm.dwd_gd_trvl_navi_trail_log_di;143537,218797830,gd_cdm.dwd_gd_trvl_opposite_strategy_di,gd_cdm.dws_gd_trvl_navi_drv_1d;185394,269927063,gd_ads.ads_gd_trvl_3bad_4bad_di,;350347,267639907,gd_ads.ads_gd_trvl_change_toll_drv_1d,;205682,114650474,gd_cdm.dwd_gd_trvl_opposite_strategy_di,gd_cdm.dwd_gd_trvl_route_path_drv_di;205682,114650474,gd_cdm.dwd_gd_trvl_alley_5link_di,gd_cdm.dwd_gd_trvl_route_path_drv_di;194251,225956898,gismonitor.yaw_user_match_dd,;350347,258694697,autonavi_navi.dwd_gd_trvl_yaw_circle_route_valid_connect_drv_di_mid,gd_cdm.dim_gd_trvl_navi_di;350347,258694697,gd_ads.dws_gd_trvl_diversity_bad_di,gd_cdm.dim_gd_trvl_navi_di;350347,258694697,autonavi_navi.dwd_gd_trvl_car_penalty_combine_reroute_circle_drv_di,gd_cdm.dim_gd_trvl_navi_di;369466,257552603,autonavi_navi.dwd_gd_trvl_yaw_circle_route_valid_connect_drv_di_mid,	gd_cdm.dwd_gd_trvl_route_drv_di	205682	205682
gd_cdm.dwd_gd_trvl_route_drv_hi	205682,101539611,gd_ads.ads_gd_trvl_change_toll_drv_1d,gd_cdm.dwd_gd_trvl_route_drv_di;205682,101539611,autonavi_navi.dwd_gd_trvl_car_penalty_combine_reroute_circle_drv_di,gd_cdm.dwd_gd_trvl_route_drv_di;205682,101539611,gd_cdm.dwd_gd_trvl_alley_5link_di,gd_cdm.dwd_gd_trvl_route_drv_di;205682,101539611,gd_ads.ads_gd_trvl_3bad_4bad_di,gd_cdm.dwd_gd_trvl_route_drv_di;186680,101556324,gd_cdm.dwd_gd_trvl_route_detour_di,gd_cdm.dwd_gd_trvl_navi_drv_di;205682,101539611,gismonitor.yaw_user_match_dd,gd_cdm.dwd_gd_trvl_route_drv_di;205682,101539611,gd_cdm.dwd_gd_trvl_highway_di,gd_cdm.dwd_gd_trvl_route_drv_di;205682,101539611,autonavi_navi.dwd_gd_trvl_yaw_circle_route_valid_connect_drv_di_mid,gd_cdm.dwd_gd_trvl_route_drv_di;186680,101556324,gd_cdm.dwd_gd_trvl_opposite_strategy_di,gd_cdm.dwd_gd_trvl_navi_drv_di	gd_cdm.dwd_gd_trvl_route_drv_hi	205682	205682
gd_cdm.dwd_gd_trvl_route_path_drv_di	143537,217551841,gd_ads.dws_gd_trvl_change_path_di,gd_cdm.dwd_gd_trvl_linkpair_trail_di;143537,217572322,gd_cdm.dwd_gd_trvl_opposite_strategy_di,gd_cdm.dwd_gd_trvl_log_trail_di;143537,217550814,gd_cdm.dwd_gd_trvl_alley_5link_di,;143537,233474156,gd_cdm.dwd_gd_trvl_opposite_strategy_di,;350347,261568429,gd_cdm.dwd_gd_trvl_nopenalty_path_circle_di,gd_ads.dws_gd_trvl_navi_metric_drv_di;143537,217551841,autonavi_navi.dwd_gd_trvl_yaw_circle_route_valid_connect_drv_di_mid,gd_cdm.dwd_gd_trvl_linkpair_trail_di;350347,261568429,gd_cdm.dwd_gd_trvl_highway_di,gd_ads.dws_gd_trvl_navi_metric_drv_di;350347,242142609,gd_cdm.dwd_gd_trvl_opposite_strategy_di,gd_cdm.dwd_gd_trvl_path_detail_di;143537,217551841,autonavi_navi.dwd_gd_trvl_car_penalty_combine_reroute_circle_drv_di,gd_cdm.dwd_gd_trvl_linkpair_trail_di;143537,217551841,gd_cdm.dwd_gd_trvl_highway_di,gd_cdm.dwd_gd_trvl_linkpair_trail_di;350347,268703761,gd_ads.ads_gd_trvl_change_toll_drv_1d,gd_cdm.dws_gd_change_path_add_toll_di;350347,242142609,gd_ads.dws_gd_trvl_change_path_di,gd_cdm.dwd_gd_trvl_path_detail_di;143537,217572322,autonavi_navi.dwd_gd_trvl_car_penalty_combine_reroute_circle_drv_di,gd_cdm.dwd_gd_trvl_log_trail_di;143537,217572322,autonavi_navi.dwd_gd_trvl_yaw_circle_route_valid_connect_drv_di_mid,gd_cdm.dwd_gd_trvl_log_trail_di;350347,242142609,gd_cdm.dwd_gd_trvl_highway_di,gd_cdm.dwd_gd_trvl_path_detail_di	gd_cdm.dwd_gd_trvl_route_path_drv_di	205682	205682
gd_cdm.dwd_gd_trvl_valid_navi_route_drv_di	143537,203992510,gd_cdm.dwd_gd_trvl_circle_detail_di,autonavi_navi.dwd_gd_trvl_car_navi_trail_penalty_drv_di;143537,203992510,gd_cdm.dwd_gd_trvl_circle_detail_di,autonavi_navi.dwd_gd_trvl_car_navi_trail_penalty_drv_di	gd_cdm.dwd_gd_trvl_valid_navi_route_drv_di	143537	143537
gd_cdm.dws_gd_change_path_add_toll_di	350347,267639907,gd_ads.ads_gd_trvl_change_toll_drv_1d,	gd_cdm.dws_gd_change_path_add_toll_di	350347	350347
gd_cdm.dws_gd_trvl_coverage_1d	143537,203544688,autonavi_navi.dwd_gd_trvl_yaw_circle_route_valid_connect_drv_di_mid,autonavi_navi.dwd_gd_trvl_yaw_circle_route_valid_connect_drv_di	gd_cdm.dws_gd_trvl_coverage_1d	143537	143537
gd_cdm.dws_gd_trvl_navi_drv_1d	143537,233474156,gd_cdm.dwd_gd_trvl_opposite_strategy_di,	gd_cdm.dws_gd_trvl_navi_drv_1d	143537	143537
gd_cdm.dws_gd_trvl_route_navi_etau_1d	143537,201892771,autonavi_navi.dwd_gd_trvl_car_penalty_combine_reroute_circle_drv_di,gd_ads.ads_gd_navi_feature_1d;143537,201892771,gd_cdm.dwd_gd_trvl_route_detour_di,gd_ads.ads_gd_navi_feature_1d	gd_cdm.dws_gd_trvl_route_navi_etau_1d	205682	205682
gd_cdm.main_tmp_pre_dwd_gd_trvl_circle_detail_di	106847,249539803,gd_cdm.dwd_gd_trvl_circle_detail_di,gd_cdm.tmp_dwd_gd_trvl_circle_detail_di;106847,249539803,gd_cdm.dwd_gd_trvl_circle_detail_di,gd_cdm.tmp_dwd_gd_trvl_circle_detail_di	gd_cdm.main_tmp_pre_dwd_gd_trvl_circle_detail_di	185394	185394
gd_cdm.start_reverse_tmp_pre_dwd_gd_trvl_circle_detail_di	106847,247065994,gd_cdm.dwd_gd_trvl_circle_detail_di,gd_cdm.tmp_dwd_gd_trvl_circle_detail_di;106847,247065994,gd_cdm.dwd_gd_trvl_circle_detail_di,gd_cdm.tmp_dwd_gd_trvl_circle_detail_di	gd_cdm.start_reverse_tmp_pre_dwd_gd_trvl_circle_detail_di	185394	185394
gd_cdm.tmp_dim_gd_link	093318,-,gd_cdm.dwd_gd_trvl_opposite_strategy_di,gd_cdm.dim_gd_link;093318,-,gd_cdm.dwd_gd_trvl_nopenalty_path_circle_di,gd_cdm.dim_gd_link;093318,-,autonavi_navi.dwd_gd_trvl_car_penalty_combine_reroute_circle_drv_di,gd_cdm.dim_gd_link;093318,-,autonavi_navi.dwd_gd_trvl_circle_detail_naviaction,gd_cdm.dim_gd_link	gd_cdm.tmp_dim_gd_link	091475	091475
gd_cdm.tmp_dwd_gd_trvl_arr_road_raw_quality_di_00	197257,180066282,autonavi_navi.dwd_gd_trvl_car_penalty_combine_reroute_circle_drv_di,autonavi_tinfo.gmatch_gd_trvl_arr_road_di;223879,134262442,gismonitor.yaw_user_match_dd,autonavi_tinfo.circle_choice_sample	gd_cdm.tmp_dwd_gd_trvl_arr_road_raw_quality_di_00	143537	143537
gd_cdm.tmp_dwd_gd_trvl_circle_detail_di	106847,245529452,gd_ads.ads_gd_trvl_change_toll_drv_1d,gd_cdm.dwd_gd_trvl_circle_detail_di;106847,245529452,gd_cdm.dwd_gd_trvl_cont_yaw_di,gd_cdm.dwd_gd_trvl_circle_detail_di;185394,263131727,autonavi_navi.dwd_gd_trvl_yaw_circle_route_valid_connect_drv_di_mid,gd_cdm.dwd_gd_trvl_circle_detail_di;106847,253469569,gd_cdm.dwd_gd_trvl_circle_detail_di,gd_cdm.tmp_dwd_gd_trvl_circle_detail_split_path_a_di;106847,245529452,gd_cdm.dwd_gd_trvl_circle_detail_di,;185394,263131727,gd_cdm.dwd_gd_trvl_cont_yaw_di,gd_cdm.dwd_gd_trvl_circle_detail_di;185394,263143055,gd_cdm.dwd_gd_trvl_circle_detail_di,gd_cdm.tmp_dwd_gd_trvl_circle_detail_split_path_a_di;185394,263131727,autonavi_navi.dwd_gd_trvl_circle_detail_naviaction,gd_cdm.dwd_gd_trvl_circle_detail_di;106847,245529452,gd_cdm.dwd_gd_trvl_route_detour_di,gd_cdm.dwd_gd_trvl_circle_detail_di;185394,263131727,gd_ads.ads_gd_trvl_change_toll_drv_1d,gd_cdm.dwd_gd_trvl_circle_detail_di;185394,263131727,gd_cdm.dwd_gd_trvl_route_detour_di,gd_cdm.dwd_gd_trvl_circle_detail_di;185394,263143055,gd_cdm.dwd_gd_trvl_circle_detail_di,gd_cdm.tmp_dwd_gd_trvl_circle_detail_split_path_a_di;106847,253469569,gd_cdm.dwd_gd_trvl_circle_detail_di,gd_cdm.tmp_dwd_gd_trvl_circle_detail_split_path_a_di;185394,263891418,gd_cdm.dwd_gd_trvl_circle_detail_di,gd_cdm.tmp_dwd_gd_trvl_circle_detail_split_path_b_di;106847,253481224,gd_cdm.dwd_gd_trvl_circle_detail_di,gd_cdm.tmp_dwd_gd_trvl_circle_detail_split_path_b_di;106847,245529452,autonavi_navi.dwd_gd_trvl_circle_detail_naviaction,gd_cdm.dwd_gd_trvl_circle_detail_di;106847,245529452,autonavi_navi.dwd_gd_trvl_yaw_circle_route_valid_connect_drv_di_mid,gd_cdm.dwd_gd_trvl_circle_detail_di;185394,263891418,gd_cdm.dwd_gd_trvl_circle_detail_di,gd_cdm.tmp_dwd_gd_trvl_circle_detail_split_path_b_di;185394,263131727,gd_cdm.dwd_gd_trvl_circle_detail_di,;106847,253481224,gd_cdm.dwd_gd_trvl_circle_detail_di,gd_cdm.tmp_dwd_gd_trvl_circle_detail_split_path_b_di	gd_cdm.tmp_dwd_gd_trvl_circle_detail_di	185394	185394
gd_cdm.tmp_dwd_gd_trvl_circle_detail_split_path_a_di	185394,263131727,gd_ads.ads_gd_trvl_change_toll_drv_1d,gd_cdm.dwd_gd_trvl_circle_detail_di;106847,245529452,gd_ads.ads_gd_trvl_change_toll_drv_1d,gd_cdm.dwd_gd_trvl_circle_detail_di;106847,245529452,autonavi_navi.dwd_gd_trvl_circle_detail_naviaction,gd_cdm.dwd_gd_trvl_circle_detail_di;185394,263131727,gd_cdm.dwd_gd_trvl_route_detour_di,gd_cdm.dwd_gd_trvl_circle_detail_di;106847,245529452,gd_cdm.dwd_gd_trvl_circle_detail_di,;106847,245529452,gd_cdm.dwd_gd_trvl_route_detour_di,gd_cdm.dwd_gd_trvl_circle_detail_di;106847,245529452,gd_cdm.dwd_gd_trvl_cont_yaw_di,gd_cdm.dwd_gd_trvl_circle_detail_di;185394,263131727,autonavi_navi.dwd_gd_trvl_yaw_circle_route_valid_connect_drv_di_mid,gd_cdm.dwd_gd_trvl_circle_detail_di;205682,265436755,autonavi_navi.dwd_gd_trvl_car_penalty_combine_reroute_circle_drv_di,gd_cdm.dwd_gd_trvl_circle_tag_di;185394,263131727,gd_cdm.dwd_gd_trvl_circle_detail_di,;106847,245529452,autonavi_navi.dwd_gd_trvl_yaw_circle_route_valid_connect_drv_di_mid,gd_cdm.dwd_gd_trvl_circle_detail_di;185394,263131727,autonavi_navi.dwd_gd_trvl_circle_detail_naviaction,gd_cdm.dwd_gd_trvl_circle_detail_di;185394,263131727,gd_cdm.dwd_gd_trvl_cont_yaw_di,gd_cdm.dwd_gd_trvl_circle_detail_di;185394,254396260,gd_cdm.dwd_gd_trvl_circle_detail_di,gd_cdm.tmp_dwd_gd_trvl_circle_detail_split_path_a_di2	gd_cdm.tmp_dwd_gd_trvl_circle_detail_split_path_a_di	185394	185394
gd_cdm.tmp_dwd_gd_trvl_circle_detail_split_path_a_di2	106847,245529452,gd_cdm.dwd_gd_trvl_cont_yaw_di,gd_cdm.dwd_gd_trvl_circle_detail_di;106847,245529452,gd_cdm.dwd_gd_trvl_circle_detail_di,;106847,245529452,autonavi_navi.dwd_gd_trvl_circle_detail_naviaction,gd_cdm.dwd_gd_trvl_circle_detail_di;106847,245529452,autonavi_navi.dwd_gd_trvl_yaw_circle_route_valid_connect_drv_di_mid,gd_cdm.dwd_gd_trvl_circle_detail_di;106847,245529452,gd_ads.ads_gd_trvl_change_toll_drv_1d,gd_cdm.dwd_gd_trvl_circle_detail_di;106847,245529452,gd_cdm.dwd_gd_trvl_route_detour_di,gd_cdm.dwd_gd_trvl_circle_detail_di	gd_cdm.tmp_dwd_gd_trvl_circle_detail_split_path_a_di2	185394	185394
gd_cdm.tmp_dwd_gd_trvl_circle_detail_split_path_b_di	106847,245529452,autonavi_navi.dwd_gd_trvl_yaw_circle_route_valid_connect_drv_di_mid,gd_cdm.dwd_gd_trvl_circle_detail_di;106847,245529452,gd_cdm.dwd_gd_trvl_circle_detail_di,;185394,263131727,autonavi_navi.dwd_gd_trvl_circle_detail_naviaction,gd_cdm.dwd_gd_trvl_circle_detail_di;185394,263131727,gd_ads.ads_gd_trvl_change_toll_drv_1d,gd_cdm.dwd_gd_trvl_circle_detail_di;185394,263131727,gd_cdm.dwd_gd_trvl_route_detour_di,gd_cdm.dwd_gd_trvl_circle_detail_di;106847,245529452,gd_cdm.dwd_gd_trvl_cont_yaw_di,gd_cdm.dwd_gd_trvl_circle_detail_di;185394,263131727,autonavi_navi.dwd_gd_trvl_yaw_circle_route_valid_connect_drv_di_mid,gd_cdm.dwd_gd_trvl_circle_detail_di;185394,263131727,gd_cdm.dwd_gd_trvl_circle_detail_di,;185394,263131727,gd_cdm.dwd_gd_trvl_cont_yaw_di,gd_cdm.dwd_gd_trvl_circle_detail_di;106847,245529452,autonavi_navi.dwd_gd_trvl_circle_detail_naviaction,gd_cdm.dwd_gd_trvl_circle_detail_di;205682,265436755,autonavi_navi.dwd_gd_trvl_car_penalty_combine_reroute_circle_drv_di,gd_cdm.dwd_gd_trvl_circle_tag_di;106847,245529452,gd_ads.ads_gd_trvl_change_toll_drv_1d,gd_cdm.dwd_gd_trvl_circle_detail_di;106847,245529452,gd_cdm.dwd_gd_trvl_route_detour_di,gd_cdm.dwd_gd_trvl_circle_detail_di	gd_cdm.tmp_dwd_gd_trvl_circle_detail_split_path_b_di	185394	185394
gd_cdm.tmp_no_penalty_all_case	143537,230571548,gd_cdm.dwd_gd_trvl_nopenalty_path_circle_di,;143537,231508056,gd_cdm.dwd_gd_trvl_nopenalty_path_circle_di,autonavi_navi.dwd_gd_trvl_nopenalty_route_drv_di	gd_cdm.tmp_no_penalty_all_case	143537	143537
gd_ods.imp_s_workingorder	350347,258694697,gd_ads.dws_gd_trvl_diversity_bad_di,gd_cdm.dim_gd_trvl_navi_di;350347,258694697,autonavi_navi.dwd_gd_trvl_yaw_circle_route_valid_connect_drv_di_mid,gd_cdm.dim_gd_trvl_navi_di;350347,258694697,gd_cdm.dwd_gd_trvl_cont_yaw_di,gd_cdm.dim_gd_trvl_navi_di;350347,258694697,autonavi_navi.dwd_gd_trvl_car_penalty_combine_reroute_circle_drv_di,gd_cdm.dim_gd_trvl_navi_di	gd_ods.imp_s_workingorder	266321	266321
gd_ods.s_actual_capacity	029023,137736900,gismonitor.yaw_user_match_dd,autonavi_tinfo.basic_link_info2	gd_ods.s_actual_capacity	143116	143116
gd_ods.s_drive_recaller_penalty	165637,203891548,gd_cdm.dwd_gd_trvl_route_detour_di,autonavi_navi.dwd_gd_trvl_car_nds_high_penalty_drv_di;205682,248348411,gismonitor.yaw_user_match_dd,gd_cdm.dwd_gd_link_pair_ext;205682,248348411,autonavi_navi.dwd_gd_trvl_yaw_circle_route_valid_connect_drv_di_mid,gd_cdm.dwd_gd_link_pair_ext;205682,248348411,autonavi_navi.dwd_gd_trvl_car_penalty_combine_reroute_circle_drv_di,gd_cdm.dwd_gd_link_pair_ext	gd_ods.s_drive_recaller_penalty	350347	350347
gd_ods.s_drive_recaller_penalty_dynamic	165637,203891548,gd_cdm.dwd_gd_trvl_route_detour_di,autonavi_navi.dwd_gd_trvl_car_dynamic_high_penalty_drv_di	gd_ods.s_drive_recaller_penalty_dynamic	350347	350347
gd_ods.s_drive_recaller_turn_cost	168848,254108588,autonavi_navi.dwd_gd_trvl_circle_detail_naviaction,	gd_ods.s_drive_recaller_turn_cost	341565	341565
gd_ods.s_drive_routing_abnormal_dect	185394,226426913,gd_cdm.dwd_gd_trvl_highway_di,	gd_ods.s_drive_routing_abnormal_dect	350347	350347
gd_ods.s_drive_routing_abnormal_dect_hh	350347,200582246,gd_cdm.dwd_gd_trvl_highway_di,gd_ods.s_drive_routing_abnormal_dect	gd_ods.s_drive_routing_abnormal_dect_hh	350347	350347
gd_ods.s_drive_routing_cost	205682,259594044,gd_cdm.dwd_gd_trvl_route_detour_di,gd_cdm.dim_gd_link_pair_ext;205682,259594044,autonavi_navi.dwd_gd_trvl_car_penalty_combine_reroute_circle_drv_di,gd_cdm.dim_gd_link_pair_ext;205682,248348411,autonavi_navi.dwd_gd_trvl_yaw_circle_route_valid_connect_drv_di_mid,gd_cdm.dwd_gd_link_pair_ext;205682,248348411,gismonitor.yaw_user_match_dd,gd_cdm.dwd_gd_link_pair_ext;205682,259594044,gd_cdm.dwd_gd_trvl_cont_yaw_di,gd_cdm.dim_gd_link_pair_ext;205682,259594044,autonavi_navi.dwd_gd_trvl_yaw_circle_route_valid_connect_drv_di_mid,gd_cdm.dim_gd_link_pair_ext;205682,248348411,autonavi_navi.dwd_gd_trvl_car_penalty_combine_reroute_circle_drv_di,gd_cdm.dwd_gd_link_pair_ext	gd_ods.s_drive_routing_cost	205682	205682
gd_ods.s_gd_poi_base	143116,101190837,autonavi_navi.dwd_gd_trvl_car_penalty_combine_reroute_circle_drv_di,gd_cdm.dim_gd_poi	gd_ods.s_gd_poi_base	143116	143116
gd_ods.s_m_aat	205682,248348411,autonavi_navi.dwd_gd_trvl_car_penalty_combine_reroute_circle_drv_di,gd_cdm.dwd_gd_link_pair_ext;205682,259594044,gd_cdm.dwd_gd_trvl_route_detour_di,gd_cdm.dim_gd_link_pair_ext;205682,259594044,autonavi_navi.dwd_gd_trvl_yaw_circle_route_valid_connect_drv_di_mid,gd_cdm.dim_gd_link_pair_ext;205682,259594044,autonavi_navi.dwd_gd_trvl_car_penalty_combine_reroute_circle_drv_di,gd_cdm.dim_gd_link_pair_ext;143116,117162567,autonavi_navi.dwd_gd_trvl_car_penalty_combine_reroute_circle_drv_di,gd_cdm.dim_gd_link_pair_1st_ver;143116,117162567,autonavi_navi.dwd_gd_trvl_yaw_circle_route_valid_connect_drv_di_mid,gd_cdm.dim_gd_link_pair_1st_ver;143116,117162567,gd_cdm.dwd_gd_trvl_route_detour_di,gd_cdm.dim_gd_link_pair_1st_ver;205682,248348411,gismonitor.yaw_user_match_dd,gd_cdm.dwd_gd_link_pair_ext;205682,248348411,autonavi_navi.dwd_gd_trvl_yaw_circle_route_valid_connect_drv_di_mid,gd_cdm.dwd_gd_link_pair_ext;205682,259594044,gd_cdm.dwd_gd_trvl_cont_yaw_di,gd_cdm.dim_gd_link_pair_ext	gd_ods.s_m_aat	143116	143116
gd_ods.s_navi_route_debug_trace	143537,204001054,gd_cdm.dwd_gd_trvl_circle_detail_di,autonavi_navi.dwd_gd_trvl_car_navi_route_path_penalty_drv_di;143537,204001054,gd_cdm.dwd_gd_trvl_circle_detail_di,autonavi_navi.dwd_gd_trvl_car_navi_route_path_penalty_drv_di;205682,114650474,gd_cdm.dwd_gd_trvl_alley_5link_di,gd_cdm.dwd_gd_trvl_route_path_drv_di;143537,231445623,gd_cdm.dwd_gd_trvl_nopenalty_path_circle_di,gd_cdm.tmp_no_penalty_all_case;143537,203992510,gd_cdm.dwd_gd_trvl_circle_detail_di,autonavi_navi.dwd_gd_trvl_car_navi_trail_penalty_drv_di;143537,203992510,gd_cdm.dwd_gd_trvl_circle_detail_di,autonavi_navi.dwd_gd_trvl_car_navi_trail_penalty_drv_di;350347,212109404,gd_cdm.dwd_gd_trvl_route_detour_di,gd_cdm.dwd_gd_trvl_navi_trail_log_di;350347,212109404,gd_cdm.dwd_gd_trvl_circle_detail_di,gd_cdm.dwd_gd_trvl_navi_trail_log_di;350347,212109404,gd_cdm.dwd_gd_trvl_circle_detail_di,gd_cdm.dwd_gd_trvl_navi_trail_log_di;205682,114650474,gd_cdm.dwd_gd_trvl_opposite_strategy_di,gd_cdm.dwd_gd_trvl_route_path_drv_di	gd_ods.s_navi_route_debug_trace	186680	186680
gd_ods.s_navi_route_nds_route	143537,203544688,autonavi_navi.dwd_gd_trvl_yaw_circle_route_valid_connect_drv_di_mid,autonavi_navi.dwd_gd_trvl_yaw_circle_route_valid_connect_drv_di;143537,230571548,gd_cdm.dwd_gd_trvl_nopenalty_path_circle_di,	gd_ods.s_navi_route_nds_route	205682	205682
gd_ods.s_navi_route_nds_route_hh	205682,101435145,gd_cdm.dwd_gd_trvl_nopenalty_path_circle_di,gd_ods.s_navi_route_nds_route	gd_ods.s_navi_route_nds_route_hh	205682	205682
gd_ods.s_navi_speedrank	186680,101556324,gd_cdm.dwd_gd_trvl_route_detour_di,gd_cdm.dwd_gd_trvl_navi_drv_di;186680,101556324,gd_cdm.dwd_gd_trvl_opposite_strategy_di,gd_cdm.dwd_gd_trvl_navi_drv_di	gd_ods.s_navi_speedrank	143537	143537
gd_ods.s_node	205682,248348411,autonavi_navi.dwd_gd_trvl_yaw_circle_route_valid_connect_drv_di_mid,gd_cdm.dwd_gd_link_pair_ext;205682,248348411,gismonitor.yaw_user_match_dd,gd_cdm.dwd_gd_link_pair_ext;143116,117162567,autonavi_navi.dwd_gd_trvl_car_penalty_combine_reroute_circle_drv_di,gd_cdm.dim_gd_link_pair_1st_ver;201598,247234172,autonavi_navi.dwd_gd_trvl_circle_bad_action_ind,autonavi_navi.dwd_gd_trvl_circle_detail_basic_info;201598,247234172,autonavi_navi.dwd_gd_trvl_circle_parallel_cross_ind,autonavi_navi.dwd_gd_trvl_circle_detail_basic_info;205682,248348411,autonavi_navi.dwd_gd_trvl_car_penalty_combine_reroute_circle_drv_di,gd_cdm.dwd_gd_link_pair_ext;143116,117162567,autonavi_navi.dwd_gd_trvl_yaw_circle_route_valid_connect_drv_di_mid,gd_cdm.dim_gd_link_pair_1st_ver;143116,117162567,gd_cdm.dwd_gd_trvl_route_detour_di,gd_cdm.dim_gd_link_pair_1st_ver;205682,270308224,gd_cdm.dwd_gd_trvl_alley_5link_di,	gd_ods.s_node	143116	143116
gd_ods.s_path_info	185394,269927063,gd_ads.ads_gd_trvl_3bad_4bad_di,	gd_ods.s_path_info	185394	185394
gd_ods.s_path_info_mm	185394,267457695,gd_ads.ads_gd_trvl_3bad_4bad_di,gd_ods.s_path_info	gd_ods.s_path_info_mm	185394	185394
gd_ods.s_roadfurniture	143537,204207260,autonavi_navi.dwd_gd_trvl_yaw_circle_route_valid_connect_drv_di_mid,autonavi_navi.dwd_gd_trvl_car_penalty_combine_reroute_circle_drv_di;143537,204207260,autonavi_navi.dwd_gd_trvl_car_penalty_combine_reroute_circle_drv_di,	gd_ods.s_roadfurniture	143116	143116
gd_ods.s_route_info_mm	205682,101539611,gd_cdm.dwd_gd_trvl_highway_di,gd_cdm.dwd_gd_trvl_route_drv_di;205682,101539611,autonavi_navi.dwd_gd_trvl_car_penalty_combine_reroute_circle_drv_di,gd_cdm.dwd_gd_trvl_route_drv_di;205682,101539611,gismonitor.yaw_user_match_dd,gd_cdm.dwd_gd_trvl_route_drv_di;205682,101539611,gd_cdm.dwd_gd_trvl_alley_5link_di,gd_cdm.dwd_gd_trvl_route_drv_di;205682,101539611,autonavi_navi.dwd_gd_trvl_yaw_circle_route_valid_connect_drv_di_mid,gd_cdm.dwd_gd_trvl_route_drv_di;205682,101539611,gd_ads.ads_gd_trvl_change_toll_drv_1d,gd_cdm.dwd_gd_trvl_route_drv_di;205682,101539611,gd_ads.ads_gd_trvl_3bad_4bad_di,gd_cdm.dwd_gd_trvl_route_drv_di	gd_ods.s_route_info_mm	185394	185394
gd_ods.s_rule	205682,259594044,gd_cdm.dwd_gd_trvl_route_detour_di,gd_cdm.dim_gd_link_pair_ext;205682,248348411,autonavi_navi.dwd_gd_trvl_car_penalty_combine_reroute_circle_drv_di,gd_cdm.dwd_gd_link_pair_ext;205682,248348411,autonavi_navi.dwd_gd_trvl_yaw_circle_route_valid_connect_drv_di_mid,gd_cdm.dwd_gd_link_pair_ext;143116,117162567,autonavi_navi.dwd_gd_trvl_yaw_circle_route_valid_connect_drv_di_mid,gd_cdm.dim_gd_link_pair_1st_ver;205682,248348411,gismonitor.yaw_user_match_dd,gd_cdm.dwd_gd_link_pair_ext;143116,117162567,autonavi_navi.dwd_gd_trvl_car_penalty_combine_reroute_circle_drv_di,gd_cdm.dim_gd_link_pair_1st_ver;205682,259594044,autonavi_navi.dwd_gd_trvl_car_penalty_combine_reroute_circle_drv_di,gd_cdm.dim_gd_link_pair_ext;205682,259594044,gd_cdm.dwd_gd_trvl_cont_yaw_di,gd_cdm.dim_gd_link_pair_ext;143116,117162567,gd_cdm.dwd_gd_trvl_route_detour_di,gd_cdm.dim_gd_link_pair_1st_ver;205682,259594044,autonavi_navi.dwd_gd_trvl_yaw_circle_route_valid_connect_drv_di_mid,gd_cdm.dim_gd_link_pair_ext	gd_ods.s_rule	143116	143116
gd_ods.s_s_aat	205682,248348411,autonavi_navi.dwd_gd_trvl_car_penalty_combine_reroute_circle_drv_di,gd_cdm.dwd_gd_link_pair_ext;205682,248348411,autonavi_navi.dwd_gd_trvl_yaw_circle_route_valid_connect_drv_di_mid,gd_cdm.dwd_gd_link_pair_ext;205682,248348411,gismonitor.yaw_user_match_dd,gd_cdm.dwd_gd_link_pair_ext	gd_ods.s_s_aat	143116	143116
gd_ods.s_speedcamera	205682,248348411,gismonitor.yaw_user_match_dd,gd_cdm.dwd_gd_link_pair_ext;205682,248348411,autonavi_navi.dwd_gd_trvl_yaw_circle_route_valid_connect_drv_di_mid,gd_cdm.dwd_gd_link_pair_ext;205682,248348411,autonavi_navi.dwd_gd_trvl_car_penalty_combine_reroute_circle_drv_di,gd_cdm.dwd_gd_link_pair_ext	gd_ods.s_speedcamera	143116	143116
gd_ods.s_sy_node	205682,248348411,autonavi_navi.dwd_gd_trvl_yaw_circle_route_valid_connect_drv_di_mid,gd_cdm.dwd_gd_link_pair_ext;143116,117162567,gd_cdm.dwd_gd_trvl_route_detour_di,gd_cdm.dim_gd_link_pair_1st_ver;143116,117162567,autonavi_navi.dwd_gd_trvl_car_penalty_combine_reroute_circle_drv_di,gd_cdm.dim_gd_link_pair_1st_ver;143116,117162567,autonavi_navi.dwd_gd_trvl_yaw_circle_route_valid_connect_drv_di_mid,gd_cdm.dim_gd_link_pair_1st_ver;205682,248348411,autonavi_navi.dwd_gd_trvl_car_penalty_combine_reroute_circle_drv_di,gd_cdm.dwd_gd_link_pair_ext;205682,248348411,gismonitor.yaw_user_match_dd,gd_cdm.dwd_gd_link_pair_ext	gd_ods.s_sy_node	143116	143116
gd_ods.s_sym_aat	205682,259594044,gd_cdm.dwd_gd_trvl_route_detour_di,gd_cdm.dim_gd_link_pair_ext;205682,259594044,autonavi_navi.dwd_gd_trvl_yaw_circle_route_valid_connect_drv_di_mid,gd_cdm.dim_gd_link_pair_ext;205682,259594044,autonavi_navi.dwd_gd_trvl_car_penalty_combine_reroute_circle_drv_di,gd_cdm.dim_gd_link_pair_ext;205682,259594044,gd_cdm.dwd_gd_trvl_cont_yaw_di,gd_cdm.dim_gd_link_pair_ext;205682,248348411,gismonitor.yaw_user_match_dd,gd_cdm.dwd_gd_link_pair_ext;205682,248348411,autonavi_navi.dwd_gd_trvl_car_penalty_combine_reroute_circle_drv_di,gd_cdm.dwd_gd_link_pair_ext;205682,248348411,autonavi_navi.dwd_gd_trvl_yaw_circle_route_valid_connect_drv_di_mid,gd_cdm.dwd_gd_link_pair_ext	gd_ods.s_sym_aat	143116	143116
gd_ods.s_sys_aat	205682,248348411,gismonitor.yaw_user_match_dd,gd_cdm.dwd_gd_link_pair_ext;205682,248348411,autonavi_navi.dwd_gd_trvl_yaw_circle_route_valid_connect_drv_di_mid,gd_cdm.dwd_gd_link_pair_ext;205682,248348411,autonavi_navi.dwd_gd_trvl_car_penalty_combine_reroute_circle_drv_di,gd_cdm.dwd_gd_link_pair_ext	gd_ods.s_sys_aat	143116	143116
gd_ods.s_tt_drive_routing_pre_cost_tt4	341565,247363525,autonavi_navi.dwd_gd_trvl_circle_detail_naviaction,gd_ods.s_drive_recaller_turn_cost	gd_ods.s_tt_drive_routing_pre_cost_tt4	205682	205682
gismonitor.highway_link_chain_details	194251,237513542,gismonitor.yaw_user_match_dd,gismonitor.highway_rhombus_road	gismonitor.highway_link_chain_details	194251	194251
gismonitor.highway_rhombus_road	194251,225956898,gismonitor.yaw_user_match_dd,	gismonitor.highway_rhombus_road	194251	194251
gismonitor.yaw_high_agg_fy24	194251,225956898,gismonitor.yaw_user_match_dd,	gismonitor.yaw_high_agg_fy24	194251	194251
gismonitor.yaw_ratio_link_match_dd_v2	194251,261846125,gismonitor.yaw_user_match_dd,gismonitor.yaw_high_agg_fy24;194251,254059088,gismonitor.yaw_user_match_dd,gismonitor.yaw_ratio_link_match_mm_v2	gismonitor.yaw_ratio_link_match_dd_v2	194251	194251
gismonitor.yaw_ratio_link_match_hh_v2	194251,261846125,gismonitor.yaw_user_match_dd,gismonitor.yaw_high_agg_fy24	gismonitor.yaw_ratio_link_match_hh_v2	194251	194251
gismonitor.yaw_ratio_link_match_mm_v2	194251,225956898,gismonitor.yaw_user_match_dd,	gismonitor.yaw_ratio_link_match_mm_v2	194251	194251
